timestamp,moisture,status
2026-05-23T13:10:49.137068,68,OK
2026-05-23T13:10:58.180934,67,OK
2026-05-23T13:11:03.180279,68,OK
2026-05-23T13:11:08.168517,68,OK
2026-05-23T13:11:13.166350,68,OK
2026-05-23T13:11:18.162726,67,OK
2026-05-23T13:11:23.173180,68,OK
2026-05-23T13:11:28.168096,67,OK
2026-05-23T13:11:33.168358,68,OK
2026-05-23T13:11:38.164929,68,OK
2026-05-23T13:11:43.180522,68,OK
2026-05-23T13:11:48.184381,68,OK
2026-05-23T13:11:53.178710,67,OK
2026-05-23T13:11:58.182109,67,OK
2026-05-23T13:12:03.177847,68,OK
2026-05-23T13:12:08.170518,68,OK
2026-05-23T13:12:13.162246,68,OK
2026-05-23T13:12:18.168767,67,OK
2026-05-23T13:12:23.167926,66,OK
2026-05-23T13:12:28.170612,68,OK
2026-05-23T13:12:33.171249,68,OK
2026-05-23T13:12:38.183713,68,OK
2026-05-23T13:12:43.175046,68,OK
2026-05-23T13:12:48.178009,67,OK
2026-05-23T13:12:53.179276,67,OK
2026-05-23T13:12:58.170744,68,OK
2026-05-23T13:13:03.177243,68,OK
2026-05-23T13:13:08.170009,68,OK
2026-05-23T13:13:13.176782,68,OK
2026-05-23T13:13:18.165481,65,OK
2026-05-23T13:13:23.168868,67,OK
2026-05-23T13:13:28.179926,67,OK
2026-05-23T13:13:33.169350,67,OK
2026-05-23T13:13:38.169970,64,OK
2026-05-23T13:13:43.173487,67,OK
2026-05-23T13:13:48.168598,68,OK
2026-05-23T13:13:53.167773,67,OK
2026-05-23T13:13:58.175524,68,OK
2026-05-23T13:14:03.168375,67,OK
2026-05-23T13:14:08.169804,67,OK
2026-05-23T13:14:13.171496,68,OK
2026-05-23T13:14:18.164172,68,OK
2026-05-23T13:14:23.164179,68,OK
2026-05-23T13:14:28.179933,67,OK
2026-05-23T13:14:33.176925,68,OK
2026-05-23T13:14:38.165298,68,OK
2026-05-23T13:14:43.172666,68,OK
2026-05-23T13:14:48.174042,68,OK
2026-05-23T13:14:53.174729,68,OK
2026-05-23T13:14:58.181319,68,OK
2026-05-23T13:15:03.178705,67,OK
2026-05-23T13:15:08.173560,67,OK
2026-05-23T13:15:13.169450,67,OK
2026-05-23T13:15:18.181489,67,OK
2026-05-23T13:15:23.169258,67,OK
2026-05-23T13:15:28.172744,66,OK
2026-05-23T13:15:33.173587,68,OK
2026-05-23T13:15:38.178461,67,OK
2026-05-23T13:15:43.177141,68,OK
2026-05-23T13:15:48.169226,67,OK
2026-05-23T13:15:53.167746,67,OK
2026-05-23T13:15:58.170862,68,OK
2026-05-23T13:16:03.168846,66,OK
2026-05-23T13:16:08.162536,67,OK
2026-05-23T13:16:13.178345,68,OK
2026-05-23T13:16:18.161279,68,OK
2026-05-23T13:16:23.164216,68,OK
2026-05-23T13:16:28.177730,68,OK
2026-05-23T13:16:33.174167,68,OK
2026-05-23T13:16:38.167862,67,OK
2026-05-23T13:16:43.180901,68,OK
2026-05-23T13:16:48.176644,67,OK
2026-05-23T13:16:53.173591,67,OK
2026-05-23T13:16:58.172698,68,OK
2026-05-23T13:17:03.178307,66,OK
2026-05-23T13:17:08.177496,68,OK
2026-05-23T13:17:13.167042,68,OK
2026-05-23T13:17:18.172129,68,OK
2026-05-23T13:17:23.166596,68,OK
2026-05-23T13:17:28.187064,68,OK
2026-05-23T13:17:33.193092,68,OK
2026-05-23T13:17:38.244347,68,OK
2026-05-23T13:17:43.295286,68,OK
2026-05-23T13:17:48.345882,67,OK
2026-05-23T13:17:53.396373,68,OK
2026-05-23T13:17:58.447297,68,OK
2026-05-23T13:18:03.497987,68,OK
2026-05-23T13:18:08.548804,65,OK
2026-05-23T13:18:13.599800,67,OK
2026-05-23T13:18:18.649991,68,OK
2026-05-23T13:18:23.701154,68,OK
2026-05-23T13:18:28.751823,67,OK
2026-05-23T13:18:33.802310,67,OK
2026-05-23T13:18:38.852832,68,OK
2026-05-23T13:18:43.903671,68,OK
2026-05-23T13:18:48.954201,68,OK
2026-05-23T13:18:54.005353,68,OK
2026-05-23T13:18:59.056113,68,OK
2026-05-23T13:19:04.106307,67,OK
2026-05-23T13:19:09.157402,68,OK
2026-05-23T13:19:18.176014,67,OK
2026-05-23T13:19:23.169545,67,OK
2026-05-23T13:19:28.167361,68,OK
2026-05-23T13:19:33.167406,68,OK
2026-05-23T13:19:38.165171,68,OK
2026-05-23T13:19:43.176238,68,OK
2026-05-23T13:19:48.175365,68,OK
2026-05-23T13:19:53.166407,67,OK
2026-05-23T13:19:58.174202,67,OK
2026-05-23T13:20:03.168358,68,OK
2026-05-23T13:20:08.171466,68,OK
2026-05-23T13:20:13.170012,68,OK
2026-05-23T13:20:18.173903,67,OK
2026-05-23T13:20:23.167664,68,OK
2026-05-23T13:20:28.178941,68,OK
2026-05-23T13:20:33.171007,67,OK
2026-05-23T13:20:38.165913,66,OK
2026-05-23T13:20:43.172282,68,OK
2026-05-23T13:20:48.176700,67,OK
2026-05-23T13:20:53.168778,68,OK
2026-05-23T13:20:58.183376,68,OK
2026-05-23T13:21:03.160491,68,OK
2026-05-23T13:21:08.167865,68,OK
2026-05-23T13:21:13.175661,68,OK
2026-05-23T13:21:18.181849,68,OK
2026-05-23T13:21:23.169678,68,OK
2026-05-23T13:21:28.172421,68,OK
2026-05-23T13:21:33.175165,68,OK
2026-05-23T13:21:38.174287,68,OK
2026-05-23T13:21:43.180056,68,OK
2026-05-23T13:21:48.180085,68,OK
2026-05-23T13:21:53.170053,68,OK
2026-05-23T13:21:58.171344,68,OK
2026-05-23T13:22:03.172141,68,OK
2026-05-23T13:22:08.165426,67,OK
2026-05-23T13:22:13.171918,68,OK
2026-05-23T13:22:18.180731,68,OK
2026-05-23T13:22:23.173433,67,OK
2026-05-23T13:22:28.173390,68,OK
2026-05-23T13:22:33.179994,68,OK
2026-05-23T13:22:38.165033,67,OK
2026-05-23T13:22:43.175637,67,OK
2026-05-23T13:22:48.177703,67,OK
2026-05-23T13:22:53.163856,68,OK
2026-05-23T13:22:58.183407,68,OK
2026-05-23T13:23:03.172379,68,OK
2026-05-23T13:23:08.173918,68,OK
2026-05-23T13:23:13.176880,68,OK
2026-05-23T13:23:18.169474,68,OK
2026-05-23T13:23:23.168425,68,OK
2026-05-23T13:23:28.181237,68,OK
2026-05-23T13:23:33.178439,68,OK
2026-05-23T13:23:38.176299,68,OK
2026-05-23T13:23:43.177323,68,OK
2026-05-23T13:23:48.184657,68,OK
2026-05-23T13:23:53.179171,67,OK
2026-05-23T13:23:58.163547,68,OK
2026-05-23T13:24:03.164806,67,OK
2026-05-23T13:24:08.182694,68,OK
2026-05-23T13:24:13.168858,68,OK
2026-05-23T13:24:18.171833,68,OK
2026-05-23T13:24:23.170715,68,OK
2026-05-23T13:24:28.164119,67,OK
2026-05-23T13:24:33.167305,66,OK
2026-05-23T13:24:38.167007,68,OK
2026-05-23T13:24:43.181960,68,OK
2026-05-23T13:24:48.165673,68,OK
2026-05-23T13:24:53.173583,68,OK
2026-05-23T13:24:58.174278,68,OK
2026-05-23T13:25:03.177150,68,OK
2026-05-23T13:25:08.181422,68,OK
2026-05-23T13:25:13.167856,68,OK
2026-05-23T13:25:18.174692,68,OK
2026-05-23T13:25:23.173242,68,OK
2026-05-23T13:25:28.170580,68,OK
2026-05-23T13:25:33.175031,68,OK
2026-05-23T13:25:38.180121,68,OK
2026-05-23T13:25:43.175168,67,OK
2026-05-23T13:25:48.185162,68,OK
2026-05-23T13:25:53.216267,67,OK
2026-05-23T13:25:58.267191,68,OK
2026-05-23T13:26:03.317266,68,OK
2026-05-23T13:26:08.368576,68,OK
2026-05-23T13:26:13.419502,68,OK
2026-05-23T13:26:18.470287,68,OK
2026-05-23T13:26:23.520789,68,OK
2026-05-23T13:26:28.571715,68,OK
2026-05-23T13:26:33.622611,68,OK
2026-05-23T13:26:38.673625,68,OK
2026-05-23T13:26:43.724459,68,OK
2026-05-23T13:26:48.775100,65,OK
2026-05-23T13:26:53.825690,68,OK
2026-05-23T13:26:58.876602,68,OK
2026-05-23T13:27:03.927316,68,OK
2026-05-23T13:27:08.978089,68,OK
2026-05-23T13:27:14.029004,68,OK
2026-05-23T13:27:19.079750,68,OK
2026-05-23T13:27:24.130314,68,OK
2026-05-23T13:27:33.172162,67,OK
2026-05-23T13:27:38.179339,68,OK
2026-05-23T13:27:43.176101,68,OK
2026-05-23T13:27:48.162619,68,OK
2026-05-23T13:27:53.168308,68,OK
2026-05-23T13:27:58.164056,68,OK
2026-05-23T13:28:03.167218,68,OK
2026-05-23T13:28:08.174339,68,OK
2026-05-23T13:28:13.170048,68,OK
2026-05-23T13:28:18.180701,68,OK
2026-05-23T13:28:23.178414,68,OK
2026-05-23T13:28:28.173389,68,OK
2026-05-23T13:28:33.177385,68,OK
2026-05-23T13:28:38.166495,68,OK
2026-05-23T13:28:43.175558,68,OK
2026-05-23T13:28:48.173922,68,OK
2026-05-23T13:28:53.174620,68,OK
2026-05-23T13:28:58.178755,68,OK
2026-05-23T13:29:03.180231,68,OK
2026-05-23T13:29:08.174562,68,OK
2026-05-23T13:29:13.175043,67,OK
2026-05-23T13:29:18.175974,68,OK
2026-05-23T13:29:23.182811,68,OK
2026-05-23T13:29:28.181553,68,OK
2026-05-23T13:29:33.169862,65,OK
2026-05-23T13:29:38.169092,68,OK
2026-05-23T13:29:43.166787,68,OK
2026-05-23T13:29:48.180228,68,OK
2026-05-23T13:29:53.181480,68,OK
2026-05-23T13:29:58.176103,68,OK
2026-05-23T13:30:03.172637,68,OK
2026-05-23T13:30:08.170004,68,OK
2026-05-23T13:30:13.185705,68,OK
2026-05-23T13:30:18.169915,68,OK
2026-05-23T13:30:23.164988,67,OK
2026-05-23T13:30:28.172351,68,OK
2026-05-23T13:30:33.173069,68,OK
2026-05-23T13:30:38.174755,68,OK
2026-05-23T13:30:43.167757,68,OK
2026-05-23T13:30:48.165683,68,OK
2026-05-23T13:30:53.177305,68,OK
2026-05-23T13:30:58.176883,68,OK
2026-05-23T13:31:03.173245,68,OK
2026-05-23T13:31:08.172287,67,OK
2026-05-23T13:31:13.173303,68,OK
2026-05-23T13:31:18.171651,68,OK
2026-05-23T13:31:23.180379,68,OK
2026-05-23T13:31:28.168984,68,OK
2026-05-23T13:31:33.176787,68,OK
2026-05-23T13:31:38.177730,68,OK
2026-05-23T13:31:43.167103,68,OK
2026-05-23T13:31:48.177988,68,OK
2026-05-23T13:31:53.175890,68,OK
2026-05-23T13:31:58.169394,68,OK
2026-05-23T13:32:03.174176,68,OK
2026-05-23T13:32:08.164405,68,OK
2026-05-23T13:32:13.183318,68,OK
2026-05-23T13:32:18.168342,68,OK
2026-05-23T13:32:23.182790,68,OK
2026-05-23T13:32:28.175334,68,OK
2026-05-23T13:32:33.177521,68,OK
2026-05-23T13:32:38.182297,68,OK
2026-05-23T13:32:43.169342,64,OK
2026-05-23T13:32:48.166867,64,OK
2026-05-23T13:32:53.186429,68,OK
2026-05-23T13:32:58.169457,68,OK
2026-05-23T13:33:03.167263,68,OK
2026-05-23T13:33:08.171636,68,OK
2026-05-23T13:33:13.179626,68,OK
2026-05-23T13:33:18.162462,68,OK
2026-05-23T13:33:23.177714,68,OK
2026-05-23T13:33:28.173562,68,OK
2026-05-23T13:33:33.184456,68,OK
2026-05-23T13:33:38.172569,68,OK
2026-05-23T13:33:43.165767,68,OK
2026-05-23T13:33:48.177785,68,OK
2026-05-23T13:33:53.182166,68,OK
2026-05-23T13:33:58.165413,68,OK
2026-05-23T13:34:03.167870,68,OK
2026-05-23T13:34:08.191513,68,OK
2026-05-23T13:34:13.243046,68,OK
2026-05-23T13:34:18.294088,68,OK
2026-05-23T13:34:23.344517,68,OK
2026-05-23T13:34:28.395429,68,OK
2026-05-23T13:34:33.446198,68,OK
2026-05-23T13:34:38.496934,68,OK
2026-05-23T13:34:43.547859,68,OK
2026-05-23T13:34:48.598644,68,OK
2026-05-23T13:34:53.649314,68,OK
2026-05-23T13:34:58.700201,68,OK
2026-05-23T13:35:03.751060,68,OK
2026-05-23T13:35:08.801811,69,OK
2026-05-23T13:35:13.852289,68,OK
2026-05-23T13:35:18.903334,68,OK
2026-05-23T13:35:23.954252,68,OK
2026-05-23T13:35:29.004364,68,OK
2026-05-23T13:35:34.055588,69,OK
2026-05-23T13:35:39.106239,68,OK
2026-05-23T13:35:44.156548,68,OK
2026-05-23T13:35:53.170392,68,OK
2026-05-23T13:35:58.163821,68,OK
2026-05-23T13:36:03.173029,68,OK
2026-05-23T13:36:08.160016,68,OK
2026-05-23T13:36:13.177547,68,OK
2026-05-23T13:36:18.179992,68,OK
2026-05-23T13:36:23.171217,68,OK
2026-05-23T13:36:28.174335,67,OK
2026-05-23T13:36:33.180735,68,OK
2026-05-23T13:36:38.160972,68,OK
2026-05-23T13:36:43.172474,68,OK
2026-05-23T13:36:48.168661,68,OK
2026-05-23T13:36:53.174135,68,OK
2026-05-23T13:36:58.172023,68,OK
2026-05-23T13:37:03.173548,68,OK
2026-05-23T13:37:08.173117,69,OK
2026-05-23T13:37:13.176743,68,OK
2026-05-23T13:37:18.164170,68,OK
2026-05-23T13:37:23.182569,68,OK
2026-05-23T13:37:28.176456,68,OK
2026-05-23T13:37:33.181514,68,OK
2026-05-23T13:37:38.174770,68,OK
2026-05-23T13:37:43.168559,68,OK
2026-05-23T13:37:48.172016,68,OK
2026-05-23T13:37:53.172222,68,OK
2026-05-23T13:37:58.176734,68,OK
2026-05-23T13:38:03.168465,68,OK
2026-05-23T13:38:08.171583,68,OK
2026-05-23T13:38:13.170499,68,OK
2026-05-23T13:38:18.163552,68,OK
2026-05-23T13:38:23.172520,68,OK
2026-05-23T13:38:28.183217,68,OK
2026-05-23T13:38:33.184311,68,OK
2026-05-23T13:38:38.160445,67,OK
2026-05-23T13:38:43.164668,68,OK
2026-05-23T13:38:48.167041,68,OK
2026-05-23T13:38:53.176090,69,OK
2026-05-23T13:38:58.170093,68,OK
2026-05-23T13:39:03.176243,68,OK
2026-05-23T13:39:08.165428,69,OK
2026-05-23T13:39:13.173669,69,OK
2026-05-23T13:39:18.161467,68,OK
2026-05-23T13:39:23.175902,69,OK
2026-05-23T13:39:28.172674,68,OK
2026-05-23T13:39:33.172641,68,OK
2026-05-23T13:39:38.163322,69,OK
2026-05-23T13:39:43.179216,69,OK
2026-05-23T13:39:48.166881,69,OK
2026-05-23T13:39:53.170755,69,OK
2026-05-23T13:39:58.173105,69,OK
2026-05-23T13:40:03.178442,69,OK
2026-05-23T13:40:08.169835,69,OK
2026-05-23T13:40:13.169471,68,OK
2026-05-23T13:40:18.177473,68,OK
2026-05-23T13:40:23.165649,69,OK
2026-05-23T13:40:28.176238,68,OK
2026-05-23T13:40:33.170005,68,OK
2026-05-23T13:40:38.175627,69,OK
2026-05-23T13:40:43.161988,69,OK
2026-05-23T13:40:48.171125,68,OK
2026-05-23T13:40:53.177635,69,OK
2026-05-23T13:40:58.180015,69,OK
2026-05-23T13:41:03.174546,69,OK
2026-05-23T13:41:08.184066,69,OK
2026-05-23T13:41:13.176479,69,OK
2026-05-23T13:41:18.173174,69,OK
2026-05-23T13:41:23.177911,68,OK
2026-05-23T13:41:28.182283,67,OK
2026-05-23T13:41:33.171514,66,OK
2026-05-23T13:41:38.172375,66,OK
2026-05-23T13:41:43.175701,69,OK
2026-05-23T13:41:48.172091,68,OK
2026-05-23T13:41:53.169430,69,OK
2026-05-23T13:41:58.180181,69,OK
2026-05-23T13:42:03.168996,69,OK
2026-05-23T13:42:08.173654,69,OK
2026-05-23T13:42:13.167182,69,OK
2026-05-23T13:42:18.186361,68,OK
2026-05-23T13:42:23.171578,68,OK
2026-05-23T13:42:28.216957,68,OK
2026-05-23T13:42:33.268360,68,OK
2026-05-23T13:42:38.319038,69,OK
2026-05-23T13:42:43.369854,69,OK
2026-05-23T13:42:48.420752,68,OK
2026-05-23T13:42:53.471480,68,OK
2026-05-23T13:42:58.522055,68,OK
2026-05-23T13:43:03.572865,69,OK
2026-05-23T13:43:08.623764,69,OK
2026-05-23T13:43:13.674610,68,OK
2026-05-23T13:43:18.725385,68,OK
2026-05-23T13:43:23.776137,68,OK
2026-05-23T13:43:28.826595,68,OK
2026-05-23T13:43:33.877358,68,OK
2026-05-23T13:43:38.927841,69,OK
2026-05-23T13:43:43.979192,69,OK
2026-05-23T13:43:49.029253,69,OK
2026-05-23T13:43:54.080540,69,OK
2026-05-23T13:43:59.131298,68,OK
2026-05-23T13:44:04.182054,68,OK
2026-05-23T13:44:13.183044,65,OK
2026-05-23T13:44:18.176797,69,OK
2026-05-23T13:44:23.177577,69,OK
2026-05-23T13:44:28.170959,69,OK
2026-05-23T13:44:33.168159,69,OK
2026-05-23T13:44:38.167082,69,OK
2026-05-23T13:44:43.178687,69,OK
2026-05-23T13:44:48.166027,69,OK
2026-05-23T13:44:53.166613,68,OK
2026-05-23T13:44:58.178666,69,OK
2026-05-23T13:45:03.169697,69,OK
2026-05-23T13:45:08.175644,69,OK
2026-05-23T13:45:13.175366,69,OK
2026-05-23T13:45:18.171922,69,OK
2026-05-23T13:45:23.184354,69,OK
2026-05-23T13:45:28.165315,69,OK
2026-05-23T13:45:33.171938,69,OK
2026-05-23T13:45:38.181124,69,OK
2026-05-23T13:45:43.176640,68,OK
2026-05-23T13:45:48.168860,68,OK
2026-05-23T13:45:53.178633,69,OK
2026-05-23T13:45:58.178381,68,OK
2026-05-23T13:46:03.164947,68,OK
2026-05-23T13:46:08.173609,69,OK
2026-05-23T13:46:13.176957,69,OK
2026-05-23T13:46:18.166239,68,OK
2026-05-23T13:46:23.173205,69,OK
2026-05-23T13:46:28.181792,69,OK
2026-05-23T13:46:33.182449,69,OK
2026-05-23T13:46:38.174961,69,OK
2026-05-23T13:46:43.173670,69,OK
2026-05-23T13:46:48.165518,69,OK
2026-05-23T13:46:53.168981,69,OK
2026-05-23T13:46:58.176548,69,OK
2026-05-23T13:47:03.184413,69,OK
2026-05-23T13:47:08.167419,69,OK
2026-05-23T13:47:13.172886,69,OK
2026-05-23T13:47:18.183218,69,OK
2026-05-23T13:47:23.175669,69,OK
2026-05-23T13:47:28.169084,69,OK
2026-05-23T13:47:33.169257,69,OK
2026-05-23T13:47:38.168420,69,OK
2026-05-23T13:47:43.165508,69,OK
2026-05-23T13:47:48.176058,69,OK
2026-05-23T13:47:53.176139,69,OK
2026-05-23T13:47:58.182139,69,OK
2026-05-23T13:48:03.173202,69,OK
2026-05-23T13:48:08.163749,68,OK
2026-05-23T13:48:13.168548,69,OK
2026-05-23T13:48:18.176407,69,OK
2026-05-23T13:48:23.171892,69,OK
2026-05-23T13:48:28.173514,69,OK
2026-05-23T13:48:33.180225,69,OK
2026-05-23T13:48:38.174691,68,OK
2026-05-23T13:48:43.170535,68,OK
2026-05-23T13:48:48.167853,69,OK
2026-05-23T13:48:53.175708,69,OK
2026-05-23T13:48:58.178314,69,OK
2026-05-23T13:49:03.171181,69,OK
2026-05-23T13:49:08.173002,69,OK
2026-05-23T13:49:13.184324,68,OK
2026-05-23T13:49:18.164165,69,OK
2026-05-23T13:49:23.169401,69,OK
2026-05-23T13:49:28.178218,69,OK
2026-05-23T13:49:33.180938,69,OK
2026-05-23T13:49:38.177924,69,OK
2026-05-23T13:49:43.177500,69,OK
2026-05-23T13:49:48.177615,69,OK
2026-05-23T13:49:53.171997,69,OK
2026-05-23T13:49:58.171981,69,OK
2026-05-23T13:50:03.173976,69,OK
2026-05-23T13:50:08.164690,69,OK
2026-05-23T13:50:13.185862,69,OK
2026-05-23T13:50:18.175440,69,OK
2026-05-23T13:50:23.175070,69,OK
2026-05-23T13:50:28.169208,69,OK
2026-05-23T13:50:33.176078,69,OK
2026-05-23T13:50:38.169144,69,OK
2026-05-23T13:50:43.190421,69,OK
2026-05-23T13:50:48.241120,69,OK
2026-05-23T13:50:53.292526,69,OK
2026-05-23T13:50:58.343254,69,OK
2026-05-23T13:51:03.394033,69,OK
2026-05-23T13:51:08.444252,69,OK
2026-05-23T13:51:13.495248,69,OK
2026-05-23T13:51:18.546145,69,OK
2026-05-23T13:51:23.596864,69,OK
2026-05-23T13:51:28.647655,69,OK
2026-05-23T13:51:33.698293,69,OK
2026-05-23T13:51:38.749182,69,OK
2026-05-23T13:51:43.799868,68,OK
2026-05-23T13:51:48.850684,69,OK
2026-05-23T13:51:53.901065,69,OK
2026-05-23T13:51:58.952396,68,OK
2026-05-23T13:52:04.002936,69,OK
2026-05-23T13:52:09.052884,69,OK
2026-05-23T13:52:14.104272,69,OK
2026-05-23T13:52:19.155008,69,OK
2026-05-23T13:52:28.169322,69,OK
2026-05-23T13:52:33.178148,69,OK
2026-05-23T13:52:38.176902,69,OK
2026-05-23T13:52:43.178259,69,OK
2026-05-23T13:52:48.174020,69,OK
2026-05-23T13:52:53.174397,69,OK
2026-05-23T13:52:58.184940,69,OK
2026-05-23T13:53:03.176628,69,OK
2026-05-23T13:53:08.182725,69,OK
2026-05-23T13:53:13.176754,68,OK
2026-05-23T13:53:18.166425,69,OK
2026-05-23T13:53:23.169692,68,OK
2026-05-23T13:53:28.172201,68,OK
2026-05-23T13:53:33.179756,68,OK
2026-05-23T13:53:38.170140,69,OK
2026-05-23T13:53:43.177209,68,OK
2026-05-23T13:53:48.171957,69,OK
2026-05-23T13:53:53.173931,69,OK
2026-05-23T13:53:58.183316,69,OK
2026-05-23T13:54:03.177604,69,OK
2026-05-23T13:54:08.171234,69,OK
2026-05-23T13:54:13.180957,69,OK
2026-05-23T13:54:18.176327,68,OK
2026-05-23T13:54:23.166315,69,OK
2026-05-23T13:54:28.168239,69,OK
2026-05-23T13:54:33.185276,68,OK
2026-05-23T13:54:38.180798,68,OK
2026-05-23T13:54:43.168280,68,OK
2026-05-23T13:54:48.179157,69,OK
2026-05-23T13:54:53.165961,69,OK
2026-05-23T13:54:58.171006,69,OK
2026-05-23T13:55:03.176431,68,OK
2026-05-23T13:55:08.161930,69,OK
2026-05-23T13:55:13.186720,69,OK
2026-05-23T13:55:18.176179,67,OK
2026-05-23T13:55:23.178037,67,OK
2026-05-23T13:55:28.179002,69,OK
2026-05-23T13:55:33.176290,69,OK
2026-05-23T13:55:38.182411,68,OK
2026-05-23T13:55:43.164249,68,OK
2026-05-23T13:55:48.179535,69,OK
2026-05-23T13:55:53.178624,68,OK
2026-05-23T13:55:58.165531,69,OK
2026-05-23T13:56:03.176207,69,OK
2026-05-23T13:56:08.178770,69,OK
2026-05-23T13:56:13.181431,69,OK
2026-05-23T13:56:18.169513,69,OK
2026-05-23T13:56:23.179338,69,OK
2026-05-23T13:56:28.179320,69,OK
2026-05-23T13:56:33.182120,69,OK
2026-05-23T13:56:38.176750,69,OK
2026-05-23T13:56:43.168360,69,OK
2026-05-23T13:56:48.169302,69,OK
2026-05-23T13:56:53.174039,69,OK
2026-05-23T13:56:58.177489,69,OK
2026-05-23T13:57:03.174936,69,OK
2026-05-23T13:57:08.174389,69,OK
2026-05-23T13:57:13.174794,67,OK
2026-05-23T13:57:18.175143,69,OK
2026-05-23T13:57:23.175821,69,OK
2026-05-23T13:57:28.168711,69,OK
2026-05-23T13:57:33.182977,69,OK
2026-05-23T13:57:38.175688,69,OK
2026-05-23T13:57:43.176882,69,OK
2026-05-23T13:57:48.169258,69,OK
2026-05-23T13:57:53.180670,68,OK
2026-05-23T13:57:58.171394,69,OK
2026-05-23T13:58:03.171610,69,OK
2026-05-23T13:58:08.164611,69,OK
2026-05-23T13:58:13.173604,69,OK
2026-05-23T13:58:18.164529,69,OK
2026-05-23T13:58:23.176562,69,OK
2026-05-23T13:58:28.172540,69,OK
2026-05-23T13:58:33.166210,69,OK
2026-05-23T13:58:38.172187,69,OK
2026-05-23T13:58:43.176338,69,OK
2026-05-23T13:58:48.177824,69,OK
2026-05-23T13:58:53.174247,69,OK
2026-05-23T13:58:58.179632,69,OK
2026-05-23T13:59:03.213639,68,OK
2026-05-23T13:59:08.264792,69,OK
2026-05-23T13:59:13.315445,69,OK
2026-05-23T13:59:18.366284,69,OK
2026-05-23T13:59:23.416906,69,OK
2026-05-23T13:59:28.467487,69,OK
2026-05-23T13:59:33.518196,69,OK
2026-05-23T13:59:38.569085,69,OK
2026-05-23T13:59:43.619820,69,OK
2026-05-23T13:59:48.670677,69,OK
2026-05-23T13:59:53.721335,69,OK
2026-05-23T13:59:58.772309,69,OK
2026-05-23T14:00:03.822975,69,OK
2026-05-23T14:00:08.873784,69,OK
2026-05-23T14:00:13.923582,69,OK
2026-05-23T14:00:18.975063,69,OK
2026-05-23T14:00:24.025829,69,OK
2026-05-23T14:00:29.076704,69,OK
2026-05-23T14:00:34.127058,69,OK
2026-05-23T14:00:39.178043,69,OK
2026-05-23T14:00:48.175004,69,OK
2026-05-23T14:00:53.168643,69,OK
2026-05-23T14:00:58.168961,69,OK
2026-05-23T14:01:03.180462,69,OK
2026-05-23T14:01:08.174619,69,OK
2026-05-23T14:01:13.176684,69,OK
2026-05-23T14:01:18.177052,68,OK
2026-05-23T14:01:23.179660,69,OK
2026-05-23T14:01:28.164557,69,OK
2026-05-23T14:01:33.183159,69,OK
2026-05-23T14:01:38.177223,69,OK
2026-05-23T14:01:43.176194,69,OK
2026-05-23T14:01:48.176607,69,OK
2026-05-23T14:01:53.173779,69,OK
2026-05-23T14:01:58.165066,68,OK
2026-05-23T14:02:03.176129,69,OK
2026-05-23T14:02:08.171835,69,OK
2026-05-23T14:02:13.176884,69,OK
2026-05-23T14:02:18.175915,69,OK
2026-05-23T14:02:23.174041,69,OK
2026-05-23T14:02:28.184021,68,OK
2026-05-23T14:02:33.176254,69,OK
2026-05-23T14:02:38.163140,69,OK
2026-05-23T14:02:43.180950,69,OK
2026-05-23T14:02:48.172138,69,OK
2026-05-23T14:02:53.167887,69,OK
2026-05-23T14:02:58.181124,69,OK
2026-05-23T14:03:03.177446,69,OK
2026-05-23T14:03:08.181960,69,OK
2026-05-23T14:03:13.173863,69,OK
2026-05-23T14:03:18.169268,69,OK
2026-05-23T14:03:23.186032,69,OK
2026-05-23T14:03:28.171518,69,OK
2026-05-23T14:03:33.174759,69,OK
2026-05-23T14:03:38.172919,69,OK
2026-05-23T14:03:43.175894,69,OK
2026-05-23T14:03:48.167858,69,OK
2026-05-23T14:03:53.178738,69,OK
2026-05-23T14:03:58.173161,69,OK
2026-05-23T14:04:03.178132,69,OK
2026-05-23T14:04:08.166656,69,OK
2026-05-23T14:04:13.180531,67,OK
2026-05-23T14:04:18.174556,69,OK
2026-05-23T14:04:23.176908,69,OK
2026-05-23T14:04:28.168279,69,OK
2026-05-23T14:04:33.175911,69,OK
2026-05-23T14:04:38.168084,69,OK
2026-05-23T14:04:43.180585,69,OK
2026-05-23T14:04:48.172477,69,OK
2026-05-23T14:04:53.171005,69,OK
2026-05-23T14:04:58.183783,69,OK
2026-05-23T14:05:03.172346,69,OK
2026-05-23T14:05:08.173109,68,OK
2026-05-23T14:05:13.174876,69,OK
2026-05-23T14:05:18.173518,69,OK
2026-05-23T14:05:23.171757,68,OK
2026-05-23T14:05:28.175299,69,OK
2026-05-23T14:05:33.171583,69,OK
2026-05-23T14:05:38.164175,69,OK
2026-05-23T14:05:43.170377,69,OK
2026-05-23T14:05:48.175516,69,OK
2026-05-23T14:05:53.174893,69,OK
2026-05-23T14:05:58.170448,69,OK
2026-05-23T14:06:03.175603,69,OK
2026-05-23T14:06:08.181425,69,OK
2026-05-23T14:06:13.178751,69,OK
2026-05-23T14:06:18.183859,66,OK
2026-05-23T14:06:23.168415,69,OK
2026-05-23T14:06:28.177553,69,OK
2026-05-23T14:06:33.174172,69,OK
2026-05-23T14:06:38.176276,69,OK
2026-05-23T14:06:43.169713,69,OK
2026-05-23T14:06:48.180660,69,OK
2026-05-23T14:06:53.180491,69,OK
2026-05-23T14:06:58.180719,69,OK
2026-05-23T14:07:03.178001,69,OK
2026-05-23T14:07:08.166668,69,OK
2026-05-23T14:07:13.179490,69,OK
2026-05-23T14:07:18.185284,69,OK
2026-05-23T14:07:23.236834,69,OK
2026-05-23T14:07:28.287557,69,OK
2026-05-23T14:07:33.338296,69,OK
2026-05-23T14:07:38.388878,69,OK
2026-05-23T14:07:43.439739,67,OK
2026-05-23T14:07:48.490159,69,OK
2026-05-23T14:07:53.541137,69,OK
2026-05-23T14:07:58.591690,69,OK
2026-05-23T14:08:03.642607,69,OK
2026-05-23T14:08:08.693456,69,OK
2026-05-23T14:08:13.743922,69,OK
2026-05-23T14:08:18.793923,69,OK
2026-05-23T14:08:23.845401,69,OK
2026-05-23T14:08:28.896216,69,OK
2026-05-23T14:08:33.946885,69,OK
2026-05-23T14:08:38.997643,69,OK
2026-05-23T14:08:44.048515,69,OK
2026-05-23T14:08:49.099064,69,OK
2026-05-23T14:08:54.149777,69,OK
2026-05-23T14:09:03.175108,69,OK
2026-05-23T14:09:08.171797,69,OK
2026-05-23T14:09:13.165488,69,OK
2026-05-23T14:09:18.167950,69,OK
2026-05-23T14:09:23.168339,69,OK
2026-05-23T14:09:28.168268,69,OK
2026-05-23T14:09:33.163874,69,OK
2026-05-23T14:09:38.166442,69,OK
2026-05-23T14:09:43.179351,69,OK
2026-05-23T14:09:48.175557,69,OK
2026-05-23T14:09:53.166117,69,OK
2026-05-23T14:09:58.171179,69,OK
2026-05-23T14:10:03.165546,69,OK
2026-05-23T14:10:08.175896,69,OK
2026-05-23T14:10:13.179215,69,OK
2026-05-23T14:10:18.175696,69,OK
2026-05-23T14:10:23.167016,69,OK
2026-05-23T14:10:28.179738,69,OK
2026-05-23T14:10:33.164430,69,OK
2026-05-23T14:10:38.163836,69,OK
2026-05-23T14:10:43.178755,69,OK
2026-05-23T14:10:48.174934,68,OK
2026-05-23T14:10:53.166274,69,OK
2026-05-23T14:10:58.171978,69,OK
2026-05-23T14:11:03.171469,69,OK
2026-05-23T14:11:08.176968,69,OK
2026-05-23T14:11:13.178424,69,OK
2026-05-23T14:11:18.168033,69,OK
2026-05-23T14:11:23.180301,68,OK
2026-05-23T14:11:28.170560,69,OK
2026-05-23T14:11:33.166146,69,OK
2026-05-23T14:11:38.178082,69,OK
2026-05-23T14:11:43.172068,69,OK
2026-05-23T14:11:48.170858,69,OK
2026-05-23T14:11:53.171814,69,OK
2026-05-23T14:11:58.168954,69,OK
2026-05-23T14:12:03.181525,69,OK
2026-05-23T14:12:08.169497,69,OK
2026-05-23T14:12:13.165316,69,OK
2026-05-23T14:12:18.164816,69,OK
2026-05-23T14:12:23.164807,69,OK
2026-05-23T14:12:28.172386,69,OK
2026-05-23T14:12:33.166241,69,OK
2026-05-23T14:12:38.170190,69,OK
2026-05-23T14:12:43.172164,69,OK
2026-05-23T14:12:48.165689,69,OK
2026-05-23T14:12:53.179155,69,OK
2026-05-23T14:12:58.171685,69,OK
2026-05-23T14:13:03.175513,68,OK
2026-05-23T14:13:08.179789,69,OK
2026-05-23T14:13:13.181705,69,OK
2026-05-23T14:13:18.180624,69,OK
2026-05-23T14:13:23.179917,69,OK
2026-05-23T14:13:28.168608,69,OK
2026-05-23T14:13:33.170874,69,OK
2026-05-23T14:13:38.178386,69,OK
2026-05-23T14:13:43.165529,69,OK
2026-05-23T14:13:48.174781,69,OK
2026-05-23T14:13:53.178351,69,OK
2026-05-23T14:13:58.175372,69,OK
2026-05-23T14:14:03.184760,69,OK
2026-05-23T14:14:08.173209,69,OK
2026-05-23T14:14:13.168013,69,OK
2026-05-23T14:14:18.168083,69,OK
2026-05-23T14:14:23.173571,69,OK
2026-05-23T14:14:28.183981,69,OK
2026-05-23T14:14:33.170372,69,OK
2026-05-23T14:14:38.171485,69,OK
2026-05-23T14:14:43.173824,69,OK
2026-05-23T14:14:48.175326,69,OK
2026-05-23T14:14:53.164067,69,OK
2026-05-23T14:14:58.175797,69,OK
2026-05-23T14:15:03.173585,69,OK
2026-05-23T14:15:08.167487,69,OK
2026-05-23T14:15:13.183065,69,OK
2026-05-23T14:15:18.175105,69,OK
2026-05-23T14:15:23.175769,69,OK
2026-05-23T14:15:28.179921,69,OK
2026-05-23T14:15:33.163020,69,OK
2026-05-23T14:15:38.208311,69,OK
2026-05-23T14:15:43.258919,69,OK
2026-05-23T14:15:48.310195,69,OK
2026-05-23T14:15:53.360927,69,OK
2026-05-23T14:15:58.411652,69,OK
2026-05-23T14:16:03.461591,69,OK
2026-05-23T14:16:08.512474,69,OK
2026-05-23T14:16:13.563791,69,OK
2026-05-23T14:16:18.614539,67,OK
2026-05-23T14:16:23.665044,67,OK
2026-05-23T14:16:28.715705,69,OK
2026-05-23T14:16:33.766369,68,OK
2026-05-23T14:16:38.816454,69,OK
2026-05-23T14:16:43.867609,69,OK
2026-05-23T14:16:48.918400,69,OK
2026-05-23T14:16:53.969125,69,OK
2026-05-23T14:16:59.020137,69,OK
2026-05-23T14:17:04.070980,69,OK
2026-05-23T14:17:09.121573,69,OK
2026-05-23T14:17:14.172321,69,OK
2026-05-23T14:17:23.169851,69,OK
2026-05-23T14:17:28.168743,69,OK
2026-05-23T14:17:33.177007,69,OK
2026-05-23T14:17:38.180231,69,OK
2026-05-23T14:17:43.179602,69,OK
2026-05-23T14:17:48.166885,69,OK
2026-05-23T14:17:53.170204,69,OK
2026-05-23T14:17:58.165553,69,OK
2026-05-23T14:18:03.175996,69,OK
2026-05-23T14:18:08.183418,69,OK
2026-05-23T14:18:13.184450,67,OK
2026-05-23T14:18:18.177665,69,OK
2026-05-23T14:18:23.175271,69,OK
2026-05-23T14:18:28.166888,69,OK
2026-05-23T14:18:33.180847,69,OK
2026-05-23T14:18:38.179151,69,OK
2026-05-23T14:18:43.171446,69,OK
2026-05-23T14:18:48.172124,69,OK
2026-05-23T14:18:53.172028,69,OK
2026-05-23T14:18:58.177845,69,OK
2026-05-23T14:19:03.181935,69,OK
2026-05-23T14:19:08.183877,69,OK
2026-05-23T14:19:13.173908,69,OK
2026-05-23T14:19:18.174183,69,OK
2026-05-23T14:19:23.178333,69,OK
2026-05-23T14:19:28.179824,69,OK
2026-05-23T14:19:33.179092,69,OK
2026-05-23T14:19:38.171927,69,OK
2026-05-23T14:19:43.169478,68,OK
2026-05-23T14:19:48.178699,67,OK
2026-05-23T14:19:53.166407,68,OK
2026-05-23T14:19:58.172911,69,OK
2026-05-23T14:20:03.177854,69,OK
2026-05-23T14:20:08.173436,68,OK
2026-05-23T14:20:13.183336,69,OK
2026-05-23T14:20:18.162404,69,OK
2026-05-23T14:20:23.162308,69,OK
2026-05-23T14:20:28.174345,69,OK
2026-05-23T14:20:33.174762,69,OK
2026-05-23T14:20:38.178382,69,OK
2026-05-23T14:20:43.171009,69,OK
2026-05-23T14:20:48.182591,69,OK
2026-05-23T14:20:53.179330,69,OK
2026-05-23T14:20:58.170525,69,OK
2026-05-23T14:21:03.169158,69,OK
2026-05-23T14:21:08.175990,69,OK
2026-05-23T14:21:13.178249,69,OK
2026-05-23T14:21:18.177551,69,OK
2026-05-23T14:21:23.175010,69,OK
2026-05-23T14:21:28.174298,69,OK
2026-05-23T14:21:33.180591,69,OK
2026-05-23T14:21:38.172137,69,OK
2026-05-23T14:21:43.178330,69,OK
2026-05-23T14:21:48.175527,68,OK
2026-05-23T14:21:53.164290,69,OK
2026-05-23T14:21:58.166588,69,OK
2026-05-23T14:22:03.176263,69,OK
2026-05-23T14:22:08.172649,69,OK
2026-05-23T14:22:13.170175,69,OK
2026-05-23T14:22:18.169863,69,OK
2026-05-23T14:22:23.180166,69,OK
2026-05-23T14:22:28.172323,69,OK
2026-05-23T14:22:33.178559,69,OK
2026-05-23T14:22:38.171111,69,OK
2026-05-23T14:22:43.173658,69,OK
2026-05-23T14:22:48.169588,69,OK
2026-05-23T14:22:53.182221,69,OK
2026-05-23T14:22:58.167482,69,OK
2026-05-23T14:23:03.173708,69,OK
2026-05-23T14:23:08.175342,69,OK
2026-05-23T14:23:13.183127,69,OK
2026-05-23T14:23:18.173392,70,OK
2026-05-23T14:23:23.169140,69,OK
2026-05-23T14:23:28.180711,69,OK
2026-05-23T14:23:33.174292,69,OK
2026-05-23T14:23:38.166047,69,OK
2026-05-23T14:23:43.188589,69,OK
2026-05-23T14:23:48.176945,69,OK
2026-05-23T14:23:53.179174,69,OK
2026-05-23T14:23:58.230282,69,OK
2026-05-23T14:24:03.281501,69,OK
2026-05-23T14:24:08.331930,69,OK
2026-05-23T14:24:13.383019,69,OK
2026-05-23T14:24:18.433529,69,OK
2026-05-23T14:24:23.484018,69,OK
2026-05-23T14:24:28.534649,69,OK
2026-05-23T14:24:33.585676,69,OK
2026-05-23T14:24:38.636684,69,OK
2026-05-23T14:24:43.687207,69,OK
2026-05-23T14:24:48.738373,69,OK
2026-05-23T14:24:53.788846,69,OK
2026-05-23T14:24:58.838877,69,OK
2026-05-23T14:25:03.890043,69,OK
2026-05-23T14:25:08.940948,69,OK
2026-05-23T14:25:13.991224,69,OK
2026-05-23T14:25:19.042300,69,OK
2026-05-23T14:25:24.093073,69,OK
2026-05-23T14:25:29.143861,69,OK
2026-05-23T14:25:38.161401,70,OK
2026-05-23T14:25:43.172156,69,OK
2026-05-23T14:25:48.173204,69,OK
2026-05-23T14:25:53.166349,69,OK
2026-05-23T14:25:58.181183,69,OK
2026-05-23T14:26:03.170301,69,OK
2026-05-23T14:26:08.180118,69,OK
2026-05-23T14:26:13.166853,69,OK
2026-05-23T14:26:18.180276,69,OK
2026-05-23T14:26:23.179956,69,OK
2026-05-23T14:26:28.183098,69,OK
2026-05-23T14:26:33.167110,69,OK
2026-05-23T14:26:38.176470,69,OK
2026-05-23T14:26:43.169412,69,OK
2026-05-23T14:26:48.166452,69,OK
2026-05-23T14:26:53.171822,69,OK
2026-05-23T14:26:58.164856,69,OK
2026-05-23T14:27:03.169337,69,OK
2026-05-23T14:27:08.171425,69,OK
2026-05-23T14:27:13.176236,69,OK
2026-05-23T14:27:18.175659,69,OK
2026-05-23T14:27:23.183707,69,OK
2026-05-23T14:27:28.169129,69,OK
2026-05-23T14:27:33.174704,69,OK
2026-05-23T14:27:38.174402,70,OK
2026-05-23T14:27:43.179059,69,OK
2026-05-23T14:27:48.173453,67,OK
2026-05-23T14:27:53.169099,68,OK
2026-05-23T14:27:58.173218,69,OK
2026-05-23T14:28:03.183614,70,OK
2026-05-23T14:28:08.179083,69,OK
2026-05-23T14:28:13.187862,69,OK
2026-05-23T14:28:18.177565,69,OK
2026-05-23T14:28:23.173147,69,OK
2026-05-23T14:28:28.167277,69,OK
2026-05-23T14:28:33.177145,69,OK
2026-05-23T14:28:38.183868,69,OK
2026-05-23T14:28:43.171769,69,OK
2026-05-23T14:28:48.183480,69,OK
2026-05-23T14:28:53.179818,69,OK
2026-05-23T14:28:58.172757,69,OK
2026-05-23T14:29:03.177785,69,OK
2026-05-23T14:29:08.167751,69,OK
2026-05-23T14:29:13.175057,69,OK
2026-05-23T14:29:18.170091,69,OK
2026-05-23T14:29:23.164534,70,OK
2026-05-23T14:29:28.183134,69,OK
2026-05-23T14:29:33.177202,70,OK
2026-05-23T14:29:38.176205,69,OK
2026-05-23T14:29:43.168729,69,OK
2026-05-23T14:29:48.176545,70,OK
2026-05-23T14:29:53.178387,69,OK
2026-05-23T14:29:58.167128,69,OK
2026-05-23T14:30:03.173345,69,OK
2026-05-23T14:30:08.182519,70,OK
2026-05-23T14:30:13.167183,70,OK
2026-05-23T14:30:18.177334,69,OK
2026-05-23T14:30:23.172470,70,OK
2026-05-23T14:30:28.182695,70,OK
2026-05-23T14:30:33.161988,69,OK
2026-05-23T14:30:38.166093,69,OK
2026-05-23T14:30:43.162779,69,OK
2026-05-23T14:30:48.174849,70,OK
2026-05-23T14:30:53.180253,69,OK
2026-05-23T14:30:58.172724,70,OK
2026-05-23T14:31:03.166453,70,OK
2026-05-23T14:31:08.178810,69,OK
2026-05-23T14:31:13.179576,70,OK
2026-05-23T14:31:18.176844,70,OK
2026-05-23T14:31:23.178591,69,OK
2026-05-23T14:31:28.176919,69,OK
2026-05-23T14:31:33.171501,69,OK
2026-05-23T14:31:38.171202,70,OK
2026-05-23T14:31:43.175614,70,OK
2026-05-23T14:31:48.173464,70,OK
2026-05-23T14:31:53.181412,69,OK
2026-05-23T14:31:58.166531,70,OK
2026-05-23T14:32:03.181653,70,OK
2026-05-23T14:32:08.184167,70,OK
2026-05-23T14:32:13.200230,69,OK
2026-05-23T14:32:18.251342,69,OK
2026-05-23T14:32:23.302165,69,OK
2026-05-23T14:32:28.352887,70,OK
2026-05-23T14:32:33.403488,69,OK
2026-05-23T14:32:38.454239,69,OK
2026-05-23T14:32:43.504464,70,OK
2026-05-23T14:32:48.555579,70,OK
2026-05-23T14:32:53.606199,69,OK
2026-05-23T14:32:58.656673,69,OK
2026-05-23T14:33:03.707335,69,OK
2026-05-23T14:33:08.758536,70,OK
2026-05-23T14:33:13.808811,70,OK
2026-05-23T14:33:18.859727,70,OK
2026-05-23T14:33:23.910321,69,OK
2026-05-23T14:33:28.961045,69,OK
2026-05-23T14:33:34.011682,70,OK
2026-05-23T14:33:39.062397,70,OK
2026-05-23T14:33:44.113174,70,OK
2026-05-23T14:33:49.163808,69,OK
2026-05-23T14:33:58.179170,70,OK
2026-05-23T14:34:03.182840,70,OK
2026-05-23T14:34:08.171727,68,OK
2026-05-23T14:34:13.192778,69,OK
2026-05-23T14:34:18.178521,70,OK
2026-05-23T14:34:23.178742,70,OK
2026-05-23T14:34:28.169531,69,OK
2026-05-23T14:34:33.176263,70,OK
2026-05-23T14:34:38.174028,70,OK
2026-05-23T14:34:43.171879,69,OK
2026-05-23T14:34:48.176683,66,OK
2026-05-23T14:34:53.166984,70,OK
2026-05-23T14:34:58.176634,69,OK
2026-05-23T14:35:03.169122,70,OK
2026-05-23T14:35:08.161965,70,OK
2026-05-23T14:35:13.179221,70,OK
2026-05-23T14:35:18.180795,70,OK
2026-05-23T14:35:23.168102,70,OK
2026-05-23T14:35:28.180353,70,OK
2026-05-23T14:35:33.174964,70,OK
2026-05-23T14:35:38.174557,69,OK
2026-05-23T14:35:43.165012,69,OK
2026-05-23T14:35:48.176707,70,OK
2026-05-23T14:35:53.173232,70,OK
2026-05-23T14:35:58.180614,69,OK
2026-05-23T14:36:03.181565,70,OK
2026-05-23T14:36:08.171908,69,OK
2026-05-23T14:36:13.176295,69,OK
2026-05-23T14:36:18.176921,70,OK
2026-05-23T14:36:23.176977,68,OK
2026-05-23T14:36:28.161172,70,OK
2026-05-23T14:36:33.179561,70,OK
2026-05-23T14:36:38.177960,69,OK
2026-05-23T14:36:43.180092,69,OK
2026-05-23T14:36:48.170950,70,OK
2026-05-23T14:36:53.169891,70,OK
2026-05-23T14:36:58.183026,70,OK
2026-05-23T14:37:03.180439,69,OK
2026-05-23T14:37:08.178293,69,OK
2026-05-23T14:37:13.182958,69,OK
2026-05-23T14:37:18.166151,70,OK
2026-05-23T14:37:23.177258,69,OK
2026-05-23T14:37:28.171577,69,OK
2026-05-23T14:37:33.180783,70,OK
2026-05-23T14:37:38.174867,70,OK
2026-05-23T14:37:43.172414,70,OK
2026-05-23T14:37:48.183365,69,OK
2026-05-23T14:37:53.164102,69,OK
2026-05-23T14:37:58.176955,69,OK
2026-05-23T14:38:03.171893,70,OK
2026-05-23T14:38:08.185923,70,OK
2026-05-23T14:38:13.180526,70,OK
2026-05-23T14:38:18.181017,69,OK
2026-05-23T14:38:23.173954,70,OK
2026-05-23T14:38:28.178135,70,OK
2026-05-23T14:38:33.173732,68,OK
2026-05-23T14:38:38.177929,70,OK
2026-05-23T14:38:43.176878,70,OK
2026-05-23T14:38:48.175558,70,OK
2026-05-23T14:38:53.172811,70,OK
2026-05-23T14:38:58.169474,66,OK
2026-05-23T14:39:03.183354,70,OK
2026-05-23T14:39:08.167183,69,OK
2026-05-23T14:39:13.177079,67,OK
2026-05-23T14:39:18.187574,70,OK
2026-05-23T14:39:23.170102,70,OK
2026-05-23T14:39:28.172234,70,OK
2026-05-23T14:39:33.182277,69,OK
2026-05-23T14:39:38.168087,69,OK
2026-05-23T14:39:43.175574,69,OK
2026-05-23T14:39:48.176992,70,OK
2026-05-23T14:39:53.182355,69,OK
2026-05-23T14:39:58.170090,70,OK
2026-05-23T14:40:03.183423,70,OK
2026-05-23T14:40:08.181584,69,OK
2026-05-23T14:40:13.176012,70,OK
2026-05-23T14:40:18.185677,70,OK
2026-05-23T14:40:23.180448,69,OK
2026-05-23T14:40:28.173444,70,OK
2026-05-23T14:40:33.217821,70,OK
2026-05-23T14:40:38.267864,69,OK
2026-05-23T14:40:43.319305,70,OK
2026-05-23T14:40:48.369705,69,OK
2026-05-23T14:40:53.420699,70,OK
2026-05-23T14:40:58.471305,70,OK
2026-05-23T14:41:03.521749,70,OK
2026-05-23T14:41:08.572694,70,OK
2026-05-23T14:41:13.623529,70,OK
2026-05-23T14:41:18.673649,68,OK
2026-05-23T14:41:23.724749,70,OK
2026-05-23T14:41:28.775453,70,OK
2026-05-23T14:41:33.826173,69,OK
2026-05-23T14:41:38.876577,70,OK
2026-05-23T14:41:43.927209,70,OK
2026-05-23T14:41:48.978064,70,OK
2026-05-23T14:41:54.028645,70,OK
2026-05-23T14:41:59.079435,70,OK
2026-05-23T14:42:04.130022,70,OK
2026-05-23T14:42:13.176957,70,OK
2026-05-23T14:42:18.175096,69,OK
2026-05-23T14:42:23.174963,70,OK
2026-05-23T14:42:28.169762,70,OK
2026-05-23T14:42:33.172608,70,OK
2026-05-23T14:42:38.179067,69,OK
2026-05-23T14:42:43.167496,69,OK
2026-05-23T14:42:48.171717,70,OK
2026-05-23T14:42:53.180131,70,OK
2026-05-23T14:42:58.180897,70,OK
2026-05-23T14:43:03.171891,69,OK
2026-05-23T14:43:08.187688,70,OK
2026-05-23T14:43:13.163175,69,OK
2026-05-23T14:43:18.174817,70,OK
2026-05-23T14:43:23.172775,68,OK
2026-05-23T14:43:28.168511,70,OK
2026-05-23T14:43:33.180242,70,OK
2026-05-23T14:43:38.177007,69,OK
2026-05-23T14:43:43.179564,69,OK
2026-05-23T14:43:48.168166,69,OK
2026-05-23T14:43:53.175254,70,OK
2026-05-23T14:43:58.162911,70,OK
2026-05-23T14:44:03.179932,70,OK
2026-05-23T14:44:08.180352,70,OK
2026-05-23T14:44:13.174997,70,OK
2026-05-23T14:44:18.168785,70,OK
2026-05-23T14:44:23.171206,70,OK
2026-05-23T14:44:28.175738,70,OK
2026-05-23T14:44:33.181406,70,OK
2026-05-23T14:44:38.177053,70,OK
2026-05-23T14:44:43.180265,70,OK
2026-05-23T14:44:48.168862,70,OK
2026-05-23T14:44:53.172240,70,OK
2026-05-23T14:44:58.184873,70,OK
2026-05-23T14:45:03.177643,70,OK
2026-05-23T14:45:08.185460,69,OK
2026-05-23T14:45:13.174014,70,OK
2026-05-23T14:45:18.179237,70,OK
2026-05-23T14:45:23.182772,69,OK
2026-05-23T14:45:28.177560,70,OK
2026-05-23T14:45:33.172133,70,OK
2026-05-23T14:45:38.178403,70,OK
2026-05-23T14:45:43.177074,70,OK
2026-05-23T14:45:48.183605,70,OK
2026-05-23T14:45:53.168939,70,OK
2026-05-23T14:45:58.174356,70,OK
2026-05-23T14:46:03.183855,66,OK
2026-05-23T14:46:08.183098,70,OK
2026-05-23T14:46:13.171610,70,OK
2026-05-23T14:46:18.169058,70,OK
2026-05-23T14:46:23.171046,69,OK
2026-05-23T14:46:28.179461,69,OK
2026-05-23T14:46:33.175499,70,OK
2026-05-23T14:46:38.169787,69,OK
2026-05-23T14:46:43.175070,69,OK
2026-05-23T14:46:48.169770,70,OK
2026-05-23T14:46:53.177412,66,OK
2026-05-23T14:46:58.181829,70,OK
2026-05-23T14:47:03.170195,70,OK
2026-05-23T14:47:08.178396,70,OK
2026-05-23T14:47:13.167279,70,OK
2026-05-23T14:47:18.173927,70,OK
2026-05-23T14:47:23.174462,69,OK
2026-05-23T14:47:28.164935,70,OK
2026-05-23T14:47:33.169543,70,OK
2026-05-23T14:47:38.183000,70,OK
2026-05-23T14:47:43.178194,70,OK
2026-05-23T14:47:48.176112,70,OK
2026-05-23T14:47:53.183951,70,OK
2026-05-23T14:47:58.172145,70,OK
2026-05-23T14:48:03.175592,70,OK
2026-05-23T14:48:08.172625,70,OK
2026-05-23T14:48:13.177337,70,OK
2026-05-23T14:48:18.182011,70,OK
2026-05-23T14:48:23.171660,69,OK
2026-05-23T14:48:28.172735,70,OK
2026-05-23T14:48:33.179523,70,OK
2026-05-23T14:48:38.179155,70,OK
2026-05-23T14:48:43.184235,70,OK
2026-05-23T14:48:48.182711,69,OK
2026-05-23T14:48:53.234057,69,OK
2026-05-23T14:48:58.285357,70,OK
2026-05-23T14:49:03.335573,70,OK
2026-05-23T14:49:08.386066,70,OK
2026-05-23T14:49:13.436615,70,OK
2026-05-23T14:49:18.487204,69,OK
2026-05-23T14:49:23.538007,70,OK
2026-05-23T14:49:28.588513,69,OK
2026-05-23T14:49:33.639583,70,OK
2026-05-23T14:49:38.689647,70,OK
2026-05-23T14:49:43.740734,70,OK
2026-05-23T14:49:48.791487,70,OK
2026-05-23T14:49:53.842052,70,OK
2026-05-23T14:49:58.892500,70,OK
2026-05-23T14:50:03.943412,70,OK
2026-05-23T14:50:08.993900,70,OK
2026-05-23T14:50:14.044621,70,OK
2026-05-23T14:50:19.094922,67,OK
2026-05-23T14:50:24.145695,70,OK
2026-05-23T14:50:33.171352,69,OK
2026-05-23T14:50:38.178475,69,OK
2026-05-23T14:50:43.167308,69,OK
2026-05-23T14:50:48.179799,69,OK
2026-05-23T14:50:53.168265,70,OK
2026-05-23T14:50:58.170762,70,OK
2026-05-23T14:51:03.174859,70,OK
2026-05-23T14:51:08.170577,70,OK
2026-05-23T14:51:13.171618,70,OK
2026-05-23T14:51:18.180702,70,OK
2026-05-23T14:51:23.174265,70,OK
2026-05-23T14:51:28.175148,70,OK
2026-05-23T14:51:33.172188,70,OK
2026-05-23T14:51:38.169632,70,OK
2026-05-23T14:51:43.161609,70,OK
2026-05-23T14:51:48.180089,70,OK
2026-05-23T14:51:53.174955,70,OK
2026-05-23T14:51:58.177258,70,OK
2026-05-23T14:52:03.173133,70,OK
2026-05-23T14:52:08.171999,70,OK
2026-05-23T14:52:13.166672,69,OK
2026-05-23T14:52:18.175416,70,OK
2026-05-23T14:52:23.164186,70,OK
2026-05-23T14:52:28.180023,70,OK
2026-05-23T14:52:33.171886,70,OK
2026-05-23T14:52:38.178520,69,OK
2026-05-23T14:52:43.181711,70,OK
2026-05-23T14:52:48.172472,70,OK
2026-05-23T14:52:53.171851,70,OK
2026-05-23T14:52:58.181629,69,OK
2026-05-23T14:53:03.179876,69,OK
2026-05-23T14:53:08.173804,70,OK
2026-05-23T14:53:13.183327,70,OK
2026-05-23T14:53:18.181086,70,OK
2026-05-23T14:53:23.177605,70,OK
2026-05-23T14:53:28.175279,69,OK
2026-05-23T14:53:33.172157,69,OK
2026-05-23T14:53:38.177048,70,OK
2026-05-23T14:53:43.183712,70,OK
2026-05-23T14:53:48.175710,70,OK
2026-05-23T14:53:53.178590,68,OK
2026-05-23T14:53:58.179136,68,OK
2026-05-23T14:54:03.167797,68,OK
2026-05-23T14:54:08.174231,70,OK
2026-05-23T14:54:13.183844,69,OK
2026-05-23T14:54:18.173023,70,OK
2026-05-23T14:54:23.177296,70,OK
2026-05-23T14:54:28.166756,70,OK
2026-05-23T14:54:33.180130,70,OK
2026-05-23T14:54:38.166222,70,OK
2026-05-23T14:54:43.168730,70,OK
2026-05-23T14:54:48.167707,70,OK
2026-05-23T14:54:53.180340,70,OK
2026-05-23T14:54:58.173606,70,OK
2026-05-23T14:55:03.179255,70,OK
2026-05-23T14:55:08.174643,70,OK
2026-05-23T14:55:13.168998,69,OK
2026-05-23T14:55:18.175811,70,OK
2026-05-23T14:55:23.177073,70,OK
2026-05-23T14:55:28.171690,69,OK
2026-05-23T14:55:33.182878,70,OK
2026-05-23T14:55:38.170253,70,OK
2026-05-23T14:55:43.176376,69,OK
2026-05-23T14:55:48.170369,70,OK
2026-05-23T14:55:53.181668,70,OK
2026-05-23T14:55:58.179476,69,OK
2026-05-23T14:56:03.171092,70,OK
2026-05-23T14:56:08.185343,69,OK
2026-05-23T14:56:13.169582,68,OK
2026-05-23T14:56:18.172194,70,OK
2026-05-23T14:56:23.168791,69,OK
2026-05-23T14:56:28.185423,69,OK
2026-05-23T14:56:33.180259,70,OK
2026-05-23T14:56:38.174343,70,OK
2026-05-23T14:56:43.169341,70,OK
2026-05-23T14:56:48.180697,70,OK
2026-05-23T14:56:53.179789,70,OK
2026-05-23T14:56:58.180986,70,OK
2026-05-23T14:57:03.175988,70,OK
2026-05-23T14:57:08.198737,70,OK
2026-05-23T14:57:13.249939,70,OK
2026-05-23T14:57:18.300471,70,OK
2026-05-23T14:57:23.351236,69,OK
2026-05-23T14:57:28.401402,70,OK
2026-05-23T14:57:33.452518,70,OK
2026-05-23T14:57:38.502766,69,OK
2026-05-23T14:57:43.553832,68,OK
2026-05-23T14:57:48.604594,70,OK
2026-05-23T14:57:53.655554,70,OK
2026-05-23T14:57:58.705852,70,OK
2026-05-23T14:58:03.756561,70,OK
2026-05-23T14:58:08.807253,70,OK
2026-05-23T14:58:13.857817,70,OK
2026-05-23T14:58:18.908423,70,OK
2026-05-23T14:58:23.959183,70,OK
2026-05-23T14:58:29.009410,69,OK
2026-05-23T14:58:34.060486,70,OK
2026-05-23T14:58:39.111110,70,OK
2026-05-23T14:58:44.161751,70,OK
2026-05-23T14:58:53.167568,70,OK
2026-05-23T14:58:58.177512,70,OK
2026-05-23T14:59:03.173890,70,OK
2026-05-23T14:59:08.179055,70,OK
2026-05-23T14:59:13.165495,70,OK
2026-05-23T14:59:18.177798,70,OK
2026-05-23T14:59:23.182047,70,OK
2026-05-23T14:59:28.169868,70,OK
2026-05-23T14:59:33.170293,70,OK
2026-05-23T14:59:38.168021,69,OK
2026-05-23T14:59:43.178220,69,OK
2026-05-23T14:59:48.178762,70,OK
2026-05-23T14:59:53.168832,70,OK
2026-05-23T14:59:58.174678,69,OK
2026-05-23T15:00:03.178398,70,OK
2026-05-23T15:00:08.176882,69,OK
2026-05-23T15:00:13.170679,69,OK
2026-05-23T15:00:18.181008,69,OK
2026-05-23T15:00:23.174517,70,OK
2026-05-23T15:00:28.185146,70,OK
2026-05-23T15:00:33.180796,70,OK
2026-05-23T15:00:38.165507,70,OK
2026-05-23T15:00:43.169493,70,OK
2026-05-23T15:00:48.178328,68,OK
2026-05-23T15:00:53.172067,70,OK
2026-05-23T15:00:58.177327,70,OK
2026-05-23T15:01:03.182863,70,OK
2026-05-23T15:01:08.181269,70,OK
2026-05-23T15:01:13.174952,70,OK
2026-05-23T15:01:18.166949,70,OK
2026-05-23T15:01:23.182273,70,OK
2026-05-23T15:01:28.178158,69,OK
2026-05-23T15:01:33.179446,70,OK
2026-05-23T15:01:38.171657,70,OK
2026-05-23T15:01:43.169900,70,OK
2026-05-23T15:01:48.179224,70,OK
2026-05-23T15:01:53.181220,70,OK
2026-05-23T15:01:58.177941,70,OK
2026-05-23T15:02:03.165499,70,OK
2026-05-23T15:02:08.174387,70,OK
2026-05-23T15:02:13.170342,70,OK
2026-05-23T15:02:18.174625,70,OK
2026-05-23T15:02:23.172532,70,OK
2026-05-23T15:02:28.180709,70,OK
2026-05-23T15:02:33.178573,70,OK
2026-05-23T15:02:38.174203,69,OK
2026-05-23T15:02:43.174979,70,OK
2026-05-23T15:02:48.177685,70,OK
2026-05-23T15:02:53.182234,70,OK
2026-05-23T15:02:58.165601,70,OK
2026-05-23T15:03:03.165426,70,OK
2026-05-23T15:03:08.183793,70,OK
2026-05-23T15:03:13.172941,70,OK
2026-05-23T15:03:18.163079,70,OK
2026-05-23T15:03:23.181279,70,OK
2026-05-23T15:03:28.179214,70,OK
2026-05-23T15:03:33.176388,70,OK
2026-05-23T15:03:38.172637,70,OK
2026-05-23T15:03:43.177214,70,OK
2026-05-23T15:03:48.173151,70,OK
2026-05-23T15:03:53.171310,70,OK
2026-05-23T15:03:58.176639,70,OK
2026-05-23T15:04:03.173901,70,OK
2026-05-23T15:04:08.173553,70,OK
2026-05-23T15:04:13.180407,70,OK
2026-05-23T15:04:18.178834,70,OK
2026-05-23T15:04:23.181174,70,OK
2026-05-23T15:04:28.175734,70,OK
2026-05-23T15:04:33.165088,70,OK
2026-05-23T15:04:38.172070,70,OK
2026-05-23T15:04:43.176563,69,OK
2026-05-23T15:04:48.176699,69,OK
2026-05-23T15:04:53.170591,69,OK
2026-05-23T15:04:58.172683,70,OK
2026-05-23T15:05:03.166960,70,OK
2026-05-23T15:05:08.174683,70,OK
2026-05-23T15:05:13.178614,70,OK
2026-05-23T15:05:18.169156,70,OK
2026-05-23T15:05:23.175898,70,OK
2026-05-23T15:05:28.213952,70,OK
2026-05-23T15:05:33.264691,69,OK
2026-05-23T15:05:38.315876,70,OK
2026-05-23T15:05:43.366186,70,OK
2026-05-23T15:05:48.417050,70,OK
2026-05-23T15:05:53.467668,70,OK
2026-05-23T15:05:58.517556,70,OK
2026-05-23T15:06:03.568885,69,OK
2026-05-23T15:06:08.619665,70,OK
2026-05-23T15:06:13.670256,69,OK
2026-05-23T15:06:18.720816,70,OK
2026-05-23T15:06:23.770789,70,OK
2026-05-23T15:06:28.822214,70,OK
2026-05-23T15:06:33.872824,70,OK
2026-05-23T15:06:38.923495,70,OK
2026-05-23T15:06:43.974201,70,OK
2026-05-23T15:06:49.024738,70,OK
2026-05-23T15:06:54.075396,70,OK
2026-05-23T15:06:59.126026,70,OK
2026-05-23T15:07:08.178337,70,OK
2026-05-23T15:07:13.177477,70,OK
2026-05-23T15:07:18.173626,70,OK
2026-05-23T15:07:23.173899,70,OK
2026-05-23T15:07:28.177675,70,OK
2026-05-23T15:07:33.174979,70,OK
2026-05-23T15:07:38.172379,70,OK
2026-05-23T15:07:43.180494,69,OK
2026-05-23T15:07:48.165506,69,OK
2026-05-23T15:07:53.176975,70,OK
2026-05-23T15:07:58.165867,70,OK
2026-05-23T15:08:03.182627,69,OK
2026-05-23T15:08:08.184402,70,OK
2026-05-23T15:08:13.172959,70,OK
2026-05-23T15:08:18.181515,70,OK
2026-05-23T15:08:23.181739,70,OK
2026-05-23T15:08:28.175691,70,OK
2026-05-23T15:08:33.174043,70,OK
2026-05-23T15:08:38.177606,70,OK
2026-05-23T15:08:43.170283,70,OK
2026-05-23T15:08:48.175077,70,OK
2026-05-23T15:08:53.168796,70,OK
2026-05-23T15:08:58.167280,70,OK
2026-05-23T15:09:03.182116,70,OK
2026-05-23T15:09:08.175730,70,OK
2026-05-23T15:09:13.175302,70,OK
2026-05-23T15:09:18.180555,70,OK
2026-05-23T15:09:23.173815,70,OK
2026-05-23T15:09:28.168201,70,OK
2026-05-23T15:09:33.168909,70,OK
2026-05-23T15:09:38.183305,70,OK
2026-05-23T15:09:43.168105,70,OK
2026-05-23T15:09:48.184155,70,OK
2026-05-23T15:09:53.176688,70,OK
2026-05-23T15:09:58.161179,70,OK
2026-05-23T15:10:03.187434,70,OK
2026-05-23T15:10:08.169952,70,OK
2026-05-23T15:10:13.176834,70,OK
2026-05-23T15:10:18.169006,69,OK
2026-05-23T15:10:23.168523,70,OK
2026-05-23T15:10:28.176885,70,OK
2026-05-23T15:10:33.173504,67,OK
2026-05-23T15:10:38.176055,70,OK
2026-05-23T15:10:43.169036,69,OK
2026-05-23T15:10:48.173460,70,OK
2026-05-23T15:10:53.176407,70,OK
2026-05-23T15:10:58.174709,70,OK
2026-05-23T15:11:03.163450,70,OK
2026-05-23T15:11:08.180656,68,OK
2026-05-23T15:11:13.176099,67,OK
2026-05-23T15:11:18.179756,70,OK
2026-05-23T15:11:23.177501,70,OK
2026-05-23T15:11:28.171941,70,OK
2026-05-23T15:11:33.171696,70,OK
2026-05-23T15:11:38.182652,70,OK
2026-05-23T15:11:43.167690,69,OK
2026-05-23T15:11:48.185015,70,OK
2026-05-23T15:11:53.179454,70,OK
2026-05-23T15:11:58.178461,70,OK
2026-05-23T15:12:03.178750,70,OK
2026-05-23T15:12:08.179669,70,OK
2026-05-23T15:12:13.180159,69,OK
2026-05-23T15:12:18.180247,70,OK
2026-05-23T15:12:23.177085,67,OK
2026-05-23T15:12:28.179450,70,OK
2026-05-23T15:12:33.178400,69,OK
2026-05-23T15:12:38.165721,70,OK
2026-05-23T15:12:43.166219,70,OK
2026-05-23T15:12:48.175213,70,OK
2026-05-23T15:12:53.173880,70,OK
2026-05-23T15:12:58.180455,70,OK
2026-05-23T15:13:03.171782,70,OK
2026-05-23T15:13:08.178520,70,OK
2026-05-23T15:13:13.182375,70,OK
2026-05-23T15:13:18.178454,70,OK
2026-05-23T15:13:23.182856,70,OK
2026-05-23T15:13:28.169901,70,OK
2026-05-23T15:13:33.184653,70,OK
2026-05-23T15:13:38.169772,70,OK
2026-05-23T15:13:43.177148,70,OK
2026-05-23T15:13:48.228142,70,OK
2026-05-23T15:13:53.279167,70,OK
2026-05-23T15:13:58.329626,70,OK
2026-05-23T15:14:03.380516,70,OK
2026-05-23T15:14:08.431121,70,OK
2026-05-23T15:14:13.481580,70,OK
2026-05-23T15:14:18.532300,70,OK
2026-05-23T15:14:23.582792,70,OK
2026-05-23T15:14:28.633394,70,OK
2026-05-23T15:14:33.683938,70,OK
2026-05-23T15:14:38.734897,70,OK
2026-05-23T15:14:43.785483,70,OK
2026-05-23T15:14:48.835533,70,OK
2026-05-23T15:14:53.886695,70,OK
2026-05-23T15:14:58.937357,70,OK
2026-05-23T15:15:03.988562,70,OK
2026-05-23T15:15:09.038620,70,OK
2026-05-23T15:15:14.089267,70,OK
2026-05-23T15:15:19.140060,70,OK
2026-05-23T15:15:24.190598,70,OK
2026-05-23T15:15:33.180565,70,OK
2026-05-23T15:15:38.174445,70,OK
2026-05-23T15:15:43.165219,70,OK
2026-05-23T15:15:48.176069,68,OK
2026-05-23T15:15:53.181949,67,OK
2026-05-23T15:15:58.179406,70,OK
2026-05-23T15:16:03.167857,70,OK
2026-05-23T15:16:08.170191,70,OK
2026-05-23T15:16:13.168999,70,OK
2026-05-23T15:16:18.181860,70,OK
2026-05-23T15:16:23.175545,70,OK
2026-05-23T15:16:28.180190,70,OK
2026-05-23T15:16:33.173833,69,OK
2026-05-23T15:16:38.177415,70,OK
2026-05-23T15:16:43.175421,70,OK
2026-05-23T15:16:48.169934,70,OK
2026-05-23T15:16:53.177430,70,OK
2026-05-23T15:16:58.174259,70,OK
2026-05-23T15:17:03.172398,70,OK
2026-05-23T15:17:08.172723,70,OK
2026-05-23T15:17:13.176478,70,OK
2026-05-23T15:17:18.169217,70,OK
2026-05-23T15:17:23.169366,70,OK
2026-05-23T15:17:28.175818,70,OK
2026-05-23T15:17:33.166149,70,OK
2026-05-23T15:17:38.177168,70,OK
2026-05-23T15:17:43.163695,70,OK
2026-05-23T15:17:48.193326,70,OK
2026-05-23T15:17:53.169037,70,OK
2026-05-23T15:17:58.179078,70,OK
2026-05-23T15:18:03.175621,70,OK
2026-05-23T15:18:08.166554,70,OK
2026-05-23T15:18:13.178435,70,OK
2026-05-23T15:18:18.186157,70,OK
2026-05-23T15:18:23.170391,70,OK
2026-05-23T15:18:28.173583,68,OK
2026-05-23T15:18:33.170958,69,OK
2026-05-23T15:18:38.172894,68,OK
2026-05-23T15:18:43.186960,68,OK
2026-05-23T15:18:48.170499,69,OK
2026-05-23T15:18:53.175093,70,OK
2026-05-23T15:18:58.165868,70,OK
2026-05-23T15:19:03.173055,70,OK
2026-05-23T15:19:08.169401,70,OK
2026-05-23T15:19:13.177651,70,OK
2026-05-23T15:19:18.183502,70,OK
2026-05-23T15:19:23.172277,70,OK
2026-05-23T15:19:28.182331,70,OK
2026-05-23T15:19:33.177682,70,OK
2026-05-23T15:19:38.181231,70,OK
2026-05-23T15:19:43.174306,70,OK
2026-05-23T15:19:48.172944,70,OK
2026-05-23T15:19:53.164223,70,OK
2026-05-23T15:19:58.167088,70,OK
2026-05-23T15:20:03.174551,70,OK
2026-05-23T15:20:08.178819,70,OK
2026-05-23T15:20:13.185181,70,OK
2026-05-23T15:20:18.178259,70,OK
2026-05-23T15:20:23.165878,70,OK
2026-05-23T15:20:28.171353,70,OK
2026-05-23T15:20:33.173702,70,OK
2026-05-23T15:20:38.183060,70,OK
2026-05-23T15:20:43.175189,70,OK
2026-05-23T15:20:48.171804,69,OK
2026-05-23T15:20:53.179264,70,OK
2026-05-23T15:20:58.178160,70,OK
2026-05-23T15:21:03.167112,70,OK
2026-05-23T15:21:08.169404,69,OK
2026-05-23T15:21:13.173696,70,OK
2026-05-23T15:21:18.177796,70,OK
2026-05-23T15:21:23.179302,70,OK
2026-05-23T15:21:28.173576,70,OK
2026-05-23T15:21:33.173946,70,OK
2026-05-23T15:21:38.173360,70,OK
2026-05-23T15:21:43.169329,70,OK
2026-05-23T15:21:48.166977,69,OK
2026-05-23T15:21:53.180229,68,OK
2026-05-23T15:21:58.171184,70,OK
2026-05-23T15:22:03.191633,70,OK
2026-05-23T15:22:08.242939,70,OK
2026-05-23T15:22:13.293534,70,OK
2026-05-23T15:22:18.344104,70,OK
2026-05-23T15:22:23.394812,70,OK
2026-05-23T15:22:28.445440,70,OK
2026-05-23T15:22:33.495575,70,OK
2026-05-23T15:22:38.546460,70,OK
2026-05-23T15:22:43.597227,70,OK
2026-05-23T15:22:48.647690,70,OK
2026-05-23T15:22:53.698701,70,OK
2026-05-23T15:22:58.749303,70,OK
2026-05-23T15:23:03.800033,70,OK
2026-05-23T15:23:08.850632,70,OK
2026-05-23T15:23:13.901332,70,OK
2026-05-23T15:23:18.951873,70,OK
2026-05-23T15:23:24.002524,70,OK
2026-05-23T15:23:29.052717,70,OK
2026-05-23T15:23:34.103810,70,OK
2026-05-23T15:23:39.154446,70,OK
2026-05-23T15:23:48.178858,70,OK
2026-05-23T15:23:53.173812,70,OK
2026-05-23T15:23:58.167027,70,OK
2026-05-23T15:24:03.179472,70,OK
2026-05-23T15:24:08.181447,70,OK
2026-05-23T15:24:13.181113,70,OK
2026-05-23T15:24:18.170944,70,OK
2026-05-23T15:24:23.182524,70,OK
2026-05-23T15:24:28.177999,70,OK
2026-05-23T15:24:33.177893,70,OK
2026-05-23T15:24:38.182525,70,OK
2026-05-23T15:24:43.170478,70,OK
2026-05-23T15:24:48.174725,70,OK
2026-05-23T15:24:53.177109,70,OK
2026-05-23T15:24:58.184606,70,OK
2026-05-23T15:25:03.182896,70,OK
2026-05-23T15:25:08.170966,70,OK
2026-05-23T15:25:13.177662,70,OK
2026-05-23T15:25:18.176818,70,OK
2026-05-23T15:25:23.177923,70,OK
2026-05-23T15:25:28.183349,70,OK
2026-05-23T15:25:33.175001,69,OK
2026-05-23T15:25:38.185669,70,OK
2026-05-23T15:25:43.183003,70,OK
2026-05-23T15:25:48.175788,69,OK
2026-05-23T15:25:53.181008,70,OK
2026-05-23T15:25:58.169144,70,OK
2026-05-23T15:26:03.180379,70,OK
2026-05-23T15:26:08.178157,70,OK
2026-05-23T15:26:13.172761,68,OK
2026-05-23T15:26:18.178886,70,OK
2026-05-23T15:26:23.178990,70,OK
2026-05-23T15:26:28.170234,70,OK
2026-05-23T15:26:33.181927,70,OK
2026-05-23T15:26:38.165225,70,OK
2026-05-23T15:26:43.169068,70,OK
2026-05-23T15:26:48.167914,70,OK
2026-05-23T15:26:53.174191,70,OK
2026-05-23T15:26:58.168261,70,OK
2026-05-23T15:27:03.174012,70,OK
2026-05-23T15:27:08.163461,70,OK
2026-05-23T15:27:13.169464,70,OK
2026-05-23T15:27:18.171621,70,OK
2026-05-23T15:27:23.173544,68,OK
2026-05-23T15:27:28.178360,69,OK
2026-05-23T15:27:33.174570,69,OK
2026-05-23T15:27:38.177745,70,OK
2026-05-23T15:27:43.176330,70,OK
2026-05-23T15:27:48.178870,70,OK
2026-05-23T15:27:53.176655,70,OK
2026-05-23T15:27:58.171050,70,OK
2026-05-23T15:28:03.164571,70,OK
2026-05-23T15:28:08.164392,70,OK
2026-05-23T15:28:13.171889,70,OK
2026-05-23T15:28:18.175420,70,OK
2026-05-23T15:28:23.179691,70,OK
2026-05-23T15:28:28.164593,70,OK
2026-05-23T15:28:33.176019,70,OK
2026-05-23T15:28:38.173703,70,OK
2026-05-23T15:28:43.174057,70,OK
2026-05-23T15:28:48.174819,70,OK
2026-05-23T15:28:53.180843,70,OK
2026-05-23T15:28:58.164376,70,OK
2026-05-23T15:29:03.185680,70,OK
2026-05-23T15:29:08.180829,70,OK
2026-05-23T15:29:13.183825,70,OK
2026-05-23T15:29:18.174075,68,OK
2026-05-23T15:29:23.178589,69,OK
2026-05-23T15:29:28.177851,70,OK
2026-05-23T15:29:33.174806,70,OK
2026-05-23T15:29:38.187374,70,OK
2026-05-23T15:29:43.175662,70,OK
2026-05-23T15:29:48.179570,70,OK
2026-05-23T15:29:53.182416,70,OK
2026-05-23T15:29:58.175218,70,OK
2026-05-23T15:30:03.162850,70,OK
2026-05-23T15:30:08.177084,70,OK
2026-05-23T15:30:13.170780,70,OK
2026-05-23T15:30:18.173796,70,OK
2026-05-23T15:30:23.205814,70,OK
2026-05-23T15:30:28.257045,70,OK
2026-05-23T15:30:33.307845,70,OK
2026-05-23T15:30:38.358412,70,OK
2026-05-23T15:30:43.409176,70,OK
2026-05-23T15:30:48.459400,70,OK
2026-05-23T15:30:53.509861,70,OK
2026-05-23T15:30:58.561227,70,OK
2026-05-23T15:31:03.611215,70,OK
2026-05-23T15:31:08.662446,70,OK
2026-05-23T15:31:13.712959,70,OK
2026-05-23T15:31:18.763513,70,OK
2026-05-23T15:31:23.814329,70,OK
2026-05-23T15:31:28.864822,70,OK
2026-05-23T15:31:33.915570,70,OK
2026-05-23T15:31:38.965588,70,OK
2026-05-23T15:31:44.016391,70,OK
2026-05-23T15:31:49.067293,70,OK
2026-05-23T15:31:54.118158,70,OK
2026-05-23T15:31:59.168632,70,OK
2026-05-23T15:32:08.177537,70,OK
2026-05-23T15:32:13.176966,70,OK
2026-05-23T15:32:18.178690,70,OK
2026-05-23T15:32:23.173498,70,OK
2026-05-23T15:32:28.168618,70,OK
2026-05-23T15:32:33.174101,70,OK
2026-05-23T15:32:38.173025,70,OK
2026-05-23T15:32:43.166856,70,OK
2026-05-23T15:32:48.170274,70,OK
2026-05-23T15:32:53.188834,70,OK
2026-05-23T15:32:58.164806,70,OK
2026-05-23T15:33:03.177598,70,OK
2026-05-23T15:33:08.174476,70,OK
2026-05-23T15:33:13.179181,70,OK
2026-05-23T15:33:18.172740,70,OK
2026-05-23T15:33:23.172324,70,OK
2026-05-23T15:33:28.180003,70,OK
2026-05-23T15:33:33.165413,70,OK
2026-05-23T15:33:38.174691,70,OK
2026-05-23T15:33:43.181221,70,OK
2026-05-23T15:33:48.183194,70,OK
2026-05-23T15:33:53.177515,70,OK
2026-05-23T15:33:58.183823,69,OK
2026-05-23T15:34:03.178360,70,OK
2026-05-23T15:34:08.185023,68,OK
2026-05-23T15:34:13.183393,70,OK
2026-05-23T15:34:18.167591,70,OK
2026-05-23T15:34:23.184716,70,OK
2026-05-23T15:34:28.179796,70,OK
2026-05-23T15:34:33.177513,70,OK
2026-05-23T15:34:38.164213,70,OK
2026-05-23T15:34:43.165827,69,OK
2026-05-23T15:34:48.171822,70,OK
2026-05-23T15:34:53.165058,70,OK
2026-05-23T15:34:58.167389,70,OK
2026-05-23T15:35:03.174350,70,OK
2026-05-23T15:35:08.176429,70,OK
2026-05-23T15:35:13.182880,68,OK
2026-05-23T15:35:18.166133,70,OK
2026-05-23T15:35:23.170828,70,OK
2026-05-23T15:35:28.171992,70,OK
2026-05-23T15:35:33.169842,70,OK
2026-05-23T15:35:38.171676,70,OK
2026-05-23T15:35:43.168772,70,OK
2026-05-23T15:35:48.174223,70,OK
2026-05-23T15:35:53.185507,70,OK
2026-05-23T15:35:58.180262,70,OK
2026-05-23T15:36:03.176311,70,OK
2026-05-23T15:36:08.181248,70,OK
2026-05-23T15:36:13.167847,70,OK
2026-05-23T15:36:18.177554,70,OK
2026-05-23T15:36:23.186911,70,OK
2026-05-23T15:36:28.177328,70,OK
2026-05-23T15:36:33.183281,69,OK
2026-05-23T15:36:38.171286,70,OK
2026-05-23T15:36:43.183356,70,OK
2026-05-23T15:36:48.177070,70,OK
2026-05-23T15:36:53.173730,70,OK
2026-05-23T15:36:58.171359,70,OK
2026-05-23T15:37:03.172880,70,OK
2026-05-23T15:37:08.181134,70,OK
2026-05-23T15:37:13.170456,70,OK
2026-05-23T15:37:18.179585,70,OK
2026-05-23T15:37:23.182014,70,OK
2026-05-23T15:37:28.176691,70,OK
2026-05-23T15:37:33.174684,70,OK
2026-05-23T15:37:38.167747,70,OK
2026-05-23T15:37:43.173475,70,OK
2026-05-23T15:37:48.174227,70,OK
2026-05-23T15:37:53.174669,70,OK
2026-05-23T15:37:58.166954,70,OK
2026-05-23T15:38:03.173244,70,OK
2026-05-23T15:38:08.177332,70,OK
2026-05-23T15:38:13.176445,70,OK
2026-05-23T15:38:18.185931,70,OK
2026-05-23T15:38:23.166998,70,OK
2026-05-23T15:38:28.173209,70,OK
2026-05-23T15:38:33.168375,70,OK
2026-05-23T15:38:38.181533,70,OK
2026-05-23T15:38:43.220194,70,OK
2026-05-23T15:38:48.271078,70,OK
2026-05-23T15:38:53.321793,70,OK
2026-05-23T15:38:58.372924,70,OK
2026-05-23T15:39:03.423378,70,OK
2026-05-23T15:39:08.473920,70,OK
2026-05-23T15:39:13.524259,70,OK
2026-05-23T15:39:18.574935,70,OK
2026-05-23T15:39:23.625689,70,OK
2026-05-23T15:39:28.676449,70,OK
2026-05-23T15:39:33.726985,70,OK
2026-05-23T15:39:38.777418,70,OK
2026-05-23T15:39:43.828345,70,OK
2026-05-23T15:39:48.879082,70,OK
2026-05-23T15:39:53.929588,70,OK
2026-05-23T15:39:58.980315,70,OK
2026-05-23T15:40:04.030432,70,OK
2026-05-23T15:40:09.081283,70,OK
2026-05-23T15:40:14.132226,66,OK
2026-05-23T15:40:23.171919,70,OK
2026-05-23T15:40:28.181339,70,OK
2026-05-23T15:40:33.180872,70,OK
2026-05-23T15:40:38.179080,70,OK
2026-05-23T15:40:43.180018,70,OK
2026-05-23T15:40:48.182752,70,OK
2026-05-23T15:40:53.183102,70,OK
2026-05-23T15:40:58.183228,70,OK
2026-05-23T15:41:03.185559,70,OK
2026-05-23T15:41:08.168982,70,OK
2026-05-23T15:41:13.178602,70,OK
2026-05-23T15:41:18.180534,70,OK
2026-05-23T15:41:23.168116,70,OK
2026-05-23T15:41:28.176928,68,OK
2026-05-23T15:41:33.171540,70,OK
2026-05-23T15:41:38.166961,69,OK
2026-05-23T15:41:43.173320,70,OK
2026-05-23T15:41:48.170950,70,OK
2026-05-23T15:41:53.166544,70,OK
2026-05-23T15:41:58.181616,70,OK
2026-05-23T15:42:03.175512,69,OK
2026-05-23T15:42:08.185486,70,OK
2026-05-23T15:42:13.173913,70,OK
2026-05-23T15:42:18.165114,70,OK
2026-05-23T15:42:23.170955,69,OK
2026-05-23T15:42:28.186430,70,OK
2026-05-23T15:42:33.187195,70,OK
2026-05-23T15:42:38.176550,70,OK
2026-05-23T15:42:43.169639,70,OK
2026-05-23T15:42:48.176954,70,OK
2026-05-23T15:42:53.167366,70,OK
2026-05-23T15:42:58.171115,70,OK
2026-05-23T15:43:03.174135,70,OK
2026-05-23T15:43:08.170820,70,OK
2026-05-23T15:43:13.178022,70,OK
2026-05-23T15:43:18.176464,70,OK
2026-05-23T15:43:23.172256,70,OK
2026-05-23T15:43:28.174193,70,OK
2026-05-23T15:43:33.180921,70,OK
2026-05-23T15:43:38.173483,70,OK
2026-05-23T15:43:43.174802,70,OK
2026-05-23T15:43:48.172742,69,OK
2026-05-23T15:43:53.174488,70,OK
2026-05-23T15:43:58.178232,70,OK
2026-05-23T15:44:03.172360,68,OK
2026-05-23T15:44:08.182202,70,OK
2026-05-23T15:44:13.178390,70,OK
2026-05-23T15:44:18.190807,70,OK
2026-05-23T15:44:23.172909,70,OK
2026-05-23T15:44:28.172596,69,OK
2026-05-23T15:44:33.174953,69,OK
2026-05-23T15:44:38.171861,70,OK
2026-05-23T15:44:43.176011,70,OK
2026-05-23T15:44:48.185877,70,OK
2026-05-23T15:44:53.173062,70,OK
2026-05-23T15:44:58.184234,69,OK
2026-05-23T15:45:03.170669,70,OK
2026-05-23T15:45:08.170805,70,OK
2026-05-23T15:45:13.179573,70,OK
2026-05-23T15:45:18.165188,70,OK
2026-05-23T15:45:23.176561,70,OK
2026-05-23T15:45:28.181566,70,OK
2026-05-23T15:45:33.170780,70,OK
2026-05-23T15:45:38.162917,70,OK
2026-05-23T15:45:43.169402,70,OK
2026-05-23T15:45:48.176921,70,OK
2026-05-23T15:45:53.185855,70,OK
2026-05-23T15:45:58.175131,69,OK
2026-05-23T15:46:03.172088,70,OK
2026-05-23T15:46:08.176390,70,OK
2026-05-23T15:46:13.176108,69,OK
2026-05-23T15:46:18.178999,70,OK
2026-05-23T15:46:23.181412,69,OK
2026-05-23T15:46:28.161971,70,OK
2026-05-23T15:46:33.166457,70,OK
2026-05-23T15:46:38.181937,70,OK
2026-05-23T15:46:43.192657,70,OK
2026-05-23T15:46:48.171770,70,OK
2026-05-23T15:46:53.182657,70,OK
2026-05-23T15:46:58.184083,70,OK
2026-05-23T15:47:03.235120,70,OK
2026-05-23T15:47:08.285730,70,OK
2026-05-23T15:47:13.336523,69,OK
2026-05-23T15:47:18.387420,69,OK
2026-05-23T15:47:23.437688,70,OK
2026-05-23T15:47:28.487917,70,OK
2026-05-23T15:47:33.538993,70,OK
2026-05-23T15:47:38.589782,70,OK
2026-05-23T15:47:43.640555,70,OK
2026-05-23T15:47:48.691079,70,OK
2026-05-23T15:47:53.741636,70,OK
2026-05-23T15:47:58.792328,70,OK
2026-05-23T15:48:03.843035,70,OK
2026-05-23T15:48:08.893078,70,OK
2026-05-23T15:48:13.943989,70,OK
2026-05-23T15:48:18.995006,70,OK
2026-05-23T15:48:24.045335,70,OK
2026-05-23T15:48:29.096345,70,OK
2026-05-23T15:48:34.146965,70,OK
2026-05-23T15:48:43.178411,70,OK
2026-05-23T15:48:48.168030,70,OK
2026-05-23T15:48:53.175956,70,OK
2026-05-23T15:48:58.165618,69,OK
2026-05-23T15:49:03.174169,70,OK
2026-05-23T15:49:08.174284,70,OK
2026-05-23T15:49:13.170356,70,OK
2026-05-23T15:49:18.173372,70,OK
2026-05-23T15:49:23.178219,70,OK
2026-05-23T15:49:28.167074,68,OK
2026-05-23T15:49:33.169495,70,OK
2026-05-23T15:49:38.175317,70,OK
2026-05-23T15:49:43.174970,70,OK
2026-05-23T15:49:48.184586,70,OK
2026-05-23T15:49:53.178824,70,OK
2026-05-23T15:49:58.176791,69,OK
2026-05-23T15:50:03.175206,70,OK
2026-05-23T15:50:08.183697,70,OK
2026-05-23T15:50:13.170088,70,OK
2026-05-23T15:50:18.185944,70,OK
2026-05-23T15:50:23.178006,70,OK
2026-05-23T15:50:28.177529,70,OK
2026-05-23T15:50:33.173403,70,OK
2026-05-23T15:50:38.180399,70,OK
2026-05-23T15:50:43.170522,70,OK
2026-05-23T15:50:48.168591,70,OK
2026-05-23T15:50:53.174892,70,OK
2026-05-23T15:50:58.180469,70,OK
2026-05-23T15:51:03.176111,70,OK
2026-05-23T15:51:08.182380,70,OK
2026-05-23T15:51:13.190887,70,OK
2026-05-23T15:51:18.187492,70,OK
2026-05-23T15:51:23.177127,70,OK
2026-05-23T15:51:28.176381,70,OK
2026-05-23T15:51:33.171370,70,OK
2026-05-23T15:51:38.178158,70,OK
2026-05-23T15:51:43.181685,70,OK
2026-05-23T15:51:48.175533,70,OK
2026-05-23T15:51:53.182254,70,OK
2026-05-23T15:51:58.173891,70,OK
2026-05-23T15:52:03.172245,70,OK
2026-05-23T15:52:08.178131,70,OK
2026-05-23T15:52:13.167942,70,OK
2026-05-23T15:52:18.174742,69,OK
2026-05-23T15:52:23.167458,70,OK
2026-05-23T15:52:28.170971,70,OK
2026-05-23T15:52:33.179151,70,OK
2026-05-23T15:52:38.171948,70,OK
2026-05-23T15:52:43.177073,69,OK
2026-05-23T15:52:48.184894,70,OK
2026-05-23T15:52:53.184147,70,OK
2026-05-23T15:52:58.177321,70,OK
2026-05-23T15:53:03.170679,70,OK
2026-05-23T15:53:08.176497,70,OK
2026-05-23T15:53:13.181820,70,OK
2026-05-23T15:53:18.180705,70,OK
2026-05-23T15:53:23.186137,70,OK
2026-05-23T15:53:28.174548,70,OK
2026-05-23T15:53:33.177493,69,OK
2026-05-23T15:53:38.182529,68,OK
2026-05-23T15:53:43.171614,70,OK
2026-05-23T15:53:48.181339,70,OK
2026-05-23T15:53:53.181336,70,OK
2026-05-23T15:53:58.180503,70,OK
2026-05-23T15:54:03.177144,70,OK
2026-05-23T15:54:08.167062,70,OK
2026-05-23T15:54:13.182289,70,OK
2026-05-23T15:54:18.177734,70,OK
2026-05-23T15:54:23.181063,70,OK
2026-05-23T15:54:28.168314,70,OK
2026-05-23T15:54:33.169855,70,OK
2026-05-23T15:54:38.164056,70,OK
2026-05-23T15:54:43.182783,69,OK
2026-05-23T15:54:48.164184,70,OK
2026-05-23T15:54:53.179239,70,OK
2026-05-23T15:54:58.180961,70,OK
2026-05-23T15:55:03.175720,70,OK
2026-05-23T15:55:08.172349,70,OK
2026-05-23T15:55:13.170383,70,OK
2026-05-23T15:55:18.198046,70,OK
2026-05-23T15:55:23.249224,69,OK
2026-05-23T15:55:28.299917,69,OK
2026-05-23T15:55:33.350767,70,OK
2026-05-23T15:55:38.401651,70,OK
2026-05-23T15:55:43.451459,70,OK
2026-05-23T15:55:48.501936,70,OK
2026-05-23T15:55:53.553323,70,OK
2026-05-23T15:55:58.604087,70,OK
2026-05-23T15:56:03.654548,70,OK
2026-05-23T15:56:08.705027,69,OK
2026-05-23T15:56:13.755902,70,OK
2026-05-23T15:56:18.806470,70,OK
2026-05-23T15:56:23.857206,70,OK
2026-05-23T15:56:28.907998,70,OK
2026-05-23T15:56:33.958445,67,OK
2026-05-23T15:56:39.009095,70,OK
2026-05-23T15:56:44.059621,70,OK
2026-05-23T15:56:49.109979,70,OK
2026-05-23T15:56:54.161008,70,OK
2026-05-23T15:57:03.172585,70,OK
2026-05-23T15:57:08.174231,70,OK
2026-05-23T15:57:13.166179,70,OK
2026-05-23T15:57:18.184284,70,OK
2026-05-23T15:57:23.175305,70,OK
2026-05-23T15:57:28.179230,70,OK
2026-05-23T15:57:33.186350,70,OK
2026-05-23T15:57:38.168757,70,OK
2026-05-23T15:57:43.179514,70,OK
2026-05-23T15:57:48.170222,70,OK
2026-05-23T15:57:53.172325,70,OK
2026-05-23T15:57:58.166642,70,OK
2026-05-23T15:58:03.176432,70,OK
2026-05-23T15:58:08.179693,70,OK
2026-05-23T15:58:13.172911,70,OK
2026-05-23T15:58:18.184287,70,OK
2026-05-23T15:58:23.165500,70,OK
2026-05-23T15:58:28.184326,70,OK
2026-05-23T15:58:33.167791,70,OK
2026-05-23T15:58:38.178762,70,OK
2026-05-23T15:58:43.170929,70,OK
2026-05-23T15:58:48.179591,70,OK
2026-05-23T15:58:53.168911,70,OK
2026-05-23T15:58:58.181821,70,OK
2026-05-23T15:59:03.173998,70,OK
2026-05-23T15:59:08.169658,70,OK
2026-05-23T15:59:13.178243,69,OK
2026-05-23T15:59:18.171752,70,OK
2026-05-23T15:59:23.175742,70,OK
2026-05-23T15:59:28.173555,70,OK
2026-05-23T15:59:33.178581,70,OK
2026-05-23T15:59:38.183328,70,OK
2026-05-23T15:59:43.169854,70,OK
2026-05-23T15:59:48.181014,70,OK
2026-05-23T15:59:53.175852,70,OK
2026-05-23T15:59:58.171674,70,OK
2026-05-23T16:00:03.184091,70,OK
2026-05-23T16:00:08.173345,70,OK
2026-05-23T16:00:13.177105,70,OK
2026-05-23T16:00:18.165722,70,OK
2026-05-23T16:00:23.187322,70,OK
2026-05-23T16:00:28.171738,70,OK
2026-05-23T16:00:33.178431,70,OK
2026-05-23T16:00:38.171567,70,OK
2026-05-23T16:00:43.179760,70,OK
2026-05-23T16:00:48.173776,70,OK
2026-05-23T16:00:53.167271,69,OK
2026-05-23T16:00:58.172307,69,OK
2026-05-23T16:01:03.178671,70,OK
2026-05-23T16:01:08.177884,70,OK
2026-05-23T16:01:13.180084,70,OK
2026-05-23T16:01:18.170621,70,OK
2026-05-23T16:01:23.182710,70,OK
2026-05-23T16:01:28.166058,70,OK
2026-05-23T16:01:33.167366,70,OK
2026-05-23T16:01:38.179117,68,OK
2026-05-23T16:01:43.182134,70,OK
2026-05-23T16:01:48.174331,70,OK
2026-05-23T16:01:53.184120,70,OK
2026-05-23T16:01:58.173634,70,OK
2026-05-23T16:02:03.174446,70,OK
2026-05-23T16:02:08.180074,70,OK
2026-05-23T16:02:13.179453,70,OK
2026-05-23T16:02:18.173933,70,OK
2026-05-23T16:02:23.187381,70,OK
2026-05-23T16:02:28.181460,69,OK
2026-05-23T16:02:33.168151,70,OK
2026-05-23T16:02:38.172112,70,OK
2026-05-23T16:02:43.175352,70,OK
2026-05-23T16:02:48.182092,70,OK
2026-05-23T16:02:53.173180,70,OK
2026-05-23T16:02:58.187346,70,OK
2026-05-23T16:03:03.187605,70,OK
2026-05-23T16:03:08.169850,70,OK
2026-05-23T16:03:13.185438,70,OK
2026-05-23T16:03:18.165484,70,OK
2026-05-23T16:03:23.166179,70,OK
2026-05-23T16:03:28.176849,70,OK
2026-05-23T16:03:33.180058,69,OK
2026-05-23T16:03:38.212364,70,OK
2026-05-23T16:03:43.263108,70,OK
2026-05-23T16:03:48.313668,70,OK
2026-05-23T16:03:53.364500,70,OK
2026-05-23T16:03:58.414862,70,OK
2026-05-23T16:04:03.465623,70,OK
2026-05-23T16:04:08.516015,70,OK
2026-05-23T16:04:13.566662,70,OK
2026-05-23T16:04:18.617277,70,OK
2026-05-23T16:04:23.667620,70,OK
2026-05-23T16:04:28.718627,70,OK
2026-05-23T16:04:33.769723,70,OK
2026-05-23T16:04:38.820285,70,OK
2026-05-23T16:04:43.870707,69,OK
2026-05-23T16:04:48.921567,69,OK
2026-05-23T16:04:53.972280,70,OK
2026-05-23T16:04:59.022830,70,OK
2026-05-23T16:05:04.073434,70,OK
2026-05-23T16:05:09.124195,70,OK
2026-05-23T16:05:14.174660,70,OK
2026-05-23T16:05:23.169144,69,OK
2026-05-23T16:05:28.169035,70,OK
2026-05-23T16:05:33.177820,70,OK
2026-05-23T16:05:38.183692,70,OK
2026-05-23T16:05:43.169395,70,OK
2026-05-23T16:05:48.171441,70,OK
2026-05-23T16:05:53.176846,70,OK
2026-05-23T16:05:58.173166,68,OK
2026-05-23T16:06:03.167354,70,OK
2026-05-23T16:06:08.185047,70,OK
2026-05-23T16:06:13.188423,70,OK
2026-05-23T16:06:18.174695,70,OK
2026-05-23T16:06:23.177573,70,OK
2026-05-23T16:06:28.167300,69,OK
2026-05-23T16:06:33.168186,70,OK
2026-05-23T16:06:38.176010,69,OK
2026-05-23T16:06:43.184222,70,OK
2026-05-23T16:06:48.172266,70,OK
2026-05-23T16:06:53.183609,70,OK
2026-05-23T16:06:58.180441,70,OK
2026-05-23T16:07:03.172020,70,OK
2026-05-23T16:07:08.170830,70,OK
2026-05-23T16:07:13.172039,70,OK
2026-05-23T16:07:18.167234,70,OK
2026-05-23T16:07:23.191041,68,OK
2026-05-23T16:07:28.181584,70,OK
2026-05-23T16:07:33.168204,70,OK
2026-05-23T16:07:38.168820,67,OK
2026-05-23T16:07:43.170070,70,OK
2026-05-23T16:07:48.180782,70,OK
2026-05-23T16:07:53.174682,70,OK
2026-05-23T16:07:58.183493,70,OK
2026-05-23T16:08:03.170888,70,OK
2026-05-23T16:08:08.177161,70,OK
2026-05-23T16:08:13.165829,70,OK
2026-05-23T16:08:18.172635,70,OK
2026-05-23T16:08:23.182185,70,OK
2026-05-23T16:08:28.172949,70,OK
2026-05-23T16:08:33.171060,70,OK
2026-05-23T16:08:38.180158,70,OK
2026-05-23T16:08:43.184029,70,OK
2026-05-23T16:08:48.175948,70,OK
2026-05-23T16:08:53.176193,70,OK
2026-05-23T16:08:58.173815,70,OK
2026-05-23T16:09:03.173062,70,OK
2026-05-23T16:09:08.169195,70,OK
2026-05-23T16:09:13.179513,70,OK
2026-05-23T16:09:18.175027,70,OK
2026-05-23T16:09:23.176467,70,OK
2026-05-23T16:09:28.167438,70,OK
2026-05-23T16:09:33.183881,68,OK
2026-05-23T16:09:38.186636,69,OK
2026-05-23T16:09:43.168429,70,OK
2026-05-23T16:09:48.180508,70,OK
2026-05-23T16:09:53.170053,70,OK
2026-05-23T16:09:58.181687,70,OK
2026-05-23T16:10:03.170617,70,OK
2026-05-23T16:10:08.179270,70,OK
2026-05-23T16:10:13.177160,70,OK
2026-05-23T16:10:18.170758,70,OK
2026-05-23T16:10:23.182656,70,OK
2026-05-23T16:10:28.173478,70,OK
2026-05-23T16:10:33.172087,70,OK
2026-05-23T16:10:38.179906,70,OK
2026-05-23T16:10:43.181835,70,OK
2026-05-23T16:10:48.175182,70,OK
2026-05-23T16:10:53.179331,69,OK
2026-05-23T16:10:58.177815,70,OK
2026-05-23T16:11:03.174945,70,OK
2026-05-23T16:11:08.164234,70,OK
2026-05-23T16:11:13.170025,70,OK
2026-05-23T16:11:18.169621,70,OK
2026-05-23T16:11:23.182279,70,OK
2026-05-23T16:11:28.171650,70,OK
2026-05-23T16:11:33.180323,70,OK
2026-05-23T16:11:38.177309,70,OK
2026-05-23T16:11:43.186496,70,OK
2026-05-23T16:11:48.173996,70,OK
2026-05-23T16:11:53.182781,70,OK
2026-05-23T16:11:58.225682,70,OK
2026-05-23T16:12:03.277075,70,OK
2026-05-23T16:12:08.327555,70,OK
2026-05-23T16:12:13.378369,70,OK
2026-05-23T16:12:18.428826,70,OK
2026-05-23T16:12:23.479691,70,OK
2026-05-23T16:12:28.530004,70,OK
2026-05-23T16:12:33.580877,69,OK
2026-05-23T16:12:38.631412,69,OK
2026-05-23T16:12:43.682201,70,OK
2026-05-23T16:12:48.733065,70,OK
2026-05-23T16:12:53.783828,70,OK
2026-05-23T16:12:58.834435,70,OK
2026-05-23T16:13:03.884612,71,OK
2026-05-23T16:13:08.934906,70,OK
2026-05-23T16:13:13.985677,70,OK
2026-05-23T16:13:19.035742,70,OK
2026-05-23T16:13:24.087093,69,OK
2026-05-23T16:13:29.137888,70,OK
2026-05-23T16:13:34.188558,68,OK
2026-05-23T16:13:43.165586,71,OK
2026-05-23T16:13:48.177274,68,OK
2026-05-23T16:13:53.182804,70,OK
2026-05-23T16:13:58.184400,71,OK
2026-05-23T16:14:03.176075,70,OK
2026-05-23T16:14:08.168458,69,OK
2026-05-23T16:14:13.171398,68,OK
2026-05-23T16:14:18.170593,70,OK
2026-05-23T16:14:23.179109,70,OK
2026-05-23T16:14:28.176677,70,OK
2026-05-23T16:14:33.180561,70,OK
2026-05-23T16:14:38.170855,70,OK
2026-05-23T16:14:43.171143,70,OK
2026-05-23T16:14:48.185860,70,OK
2026-05-23T16:14:53.184417,70,OK
2026-05-23T16:14:58.173954,70,OK
2026-05-23T16:15:03.172697,70,OK
2026-05-23T16:15:08.176662,68,OK
2026-05-23T16:15:13.181269,70,OK
2026-05-23T16:15:18.173650,70,OK
2026-05-23T16:15:23.168186,69,OK
2026-05-23T16:15:28.182608,70,OK
2026-05-23T16:15:33.188012,70,OK
2026-05-23T16:15:38.183320,70,OK
2026-05-23T16:15:43.168206,69,OK
2026-05-23T16:15:48.168569,70,OK
2026-05-23T16:15:53.176130,70,OK
2026-05-23T16:15:58.180304,70,OK
2026-05-23T16:16:03.171969,70,OK
2026-05-23T16:16:08.181322,70,OK
2026-05-23T16:16:13.183886,70,OK
2026-05-23T16:16:18.166303,70,OK
2026-05-23T16:16:23.184539,70,OK
2026-05-23T16:16:28.182577,70,OK
2026-05-23T16:16:33.178146,70,OK
2026-05-23T16:16:38.178283,70,OK
2026-05-23T16:16:43.168621,70,OK
2026-05-23T16:16:48.167749,70,OK
2026-05-23T16:16:53.176627,70,OK
2026-05-23T16:16:58.171656,70,OK
2026-05-23T16:17:03.179100,70,OK
2026-05-23T16:17:08.172886,70,OK
2026-05-23T16:17:13.165618,70,OK
2026-05-23T16:17:18.184530,70,OK
2026-05-23T16:17:23.183730,70,OK
2026-05-23T16:17:28.177138,70,OK
2026-05-23T16:17:33.170563,70,OK
2026-05-23T16:17:38.170175,70,OK
2026-05-23T16:17:43.166563,70,OK
2026-05-23T16:17:48.185602,70,OK
2026-05-23T16:17:53.175164,70,OK
2026-05-23T16:17:58.174987,70,OK
2026-05-23T16:18:03.176208,70,OK
2026-05-23T16:18:08.177281,70,OK
2026-05-23T16:18:13.169396,70,OK
2026-05-23T16:18:18.172001,70,OK
2026-05-23T16:18:23.182538,70,OK
2026-05-23T16:18:28.183086,70,OK
2026-05-23T16:18:33.182743,70,OK
2026-05-23T16:18:38.173403,70,OK
2026-05-23T16:18:43.178218,69,OK
2026-05-23T16:18:48.180439,70,OK
2026-05-23T16:18:53.173628,70,OK
2026-05-23T16:18:58.169491,70,OK
2026-05-23T16:19:03.183108,71,OK
2026-05-23T16:19:08.179531,71,OK
2026-05-23T16:19:13.181346,70,OK
2026-05-23T16:19:18.167219,70,OK
2026-05-23T16:19:23.170146,70,OK
2026-05-23T16:19:28.187778,70,OK
2026-05-23T16:19:33.176078,70,OK
2026-05-23T16:19:38.165649,70,OK
2026-05-23T16:19:43.184115,70,OK
2026-05-23T16:19:48.173890,70,OK
2026-05-23T16:19:53.186856,71,OK
2026-05-23T16:19:58.174544,71,OK
2026-05-23T16:20:03.167991,70,OK
2026-05-23T16:20:08.183045,70,OK
2026-05-23T16:20:13.186906,70,OK
2026-05-23T16:20:18.237885,70,OK
2026-05-23T16:20:23.288465,70,OK
2026-05-23T16:20:28.339168,70,OK
2026-05-23T16:20:33.389667,70,OK
2026-05-23T16:20:38.439831,70,OK
2026-05-23T16:20:43.491072,70,OK
2026-05-23T16:20:48.541863,70,OK
2026-05-23T16:20:53.592105,70,OK
2026-05-23T16:20:58.642721,70,OK
2026-05-23T16:21:03.693280,70,OK
2026-05-23T16:21:08.744218,70,OK
2026-05-23T16:21:13.794899,70,OK
2026-05-23T16:21:18.845693,70,OK
2026-05-23T16:21:23.896288,71,OK
2026-05-23T16:21:28.946577,70,OK
2026-05-23T16:21:33.997140,68,OK
2026-05-23T16:21:39.047871,70,OK
2026-05-23T16:21:44.098602,70,OK
2026-05-23T16:21:49.149722,70,OK
2026-05-23T16:21:58.174220,71,OK
2026-05-23T16:22:03.183849,70,OK
2026-05-23T16:22:08.164473,70,OK
2026-05-23T16:22:13.180519,70,OK
2026-05-23T16:22:18.182158,70,OK
2026-05-23T16:22:23.180625,70,OK
2026-05-23T16:22:28.181131,70,OK
2026-05-23T16:22:33.172130,69,OK
2026-05-23T16:22:38.174338,70,OK
2026-05-23T16:22:43.173966,70,OK
2026-05-23T16:22:48.178613,70,OK
2026-05-23T16:22:53.183832,70,OK
2026-05-23T16:22:58.185315,70,OK
2026-05-23T16:23:03.176689,70,OK
2026-05-23T16:23:08.178162,70,OK
2026-05-23T16:23:13.178026,70,OK
2026-05-23T16:23:18.167249,71,OK
2026-05-23T16:23:23.171765,70,OK
2026-05-23T16:23:28.165766,70,OK
2026-05-23T16:23:33.179050,70,OK
2026-05-23T16:23:38.176671,70,OK
2026-05-23T16:23:43.173249,70,OK
2026-05-23T16:23:48.189570,70,OK
2026-05-23T16:23:53.171398,70,OK
2026-05-23T16:23:58.181155,70,OK
2026-05-23T16:24:03.169084,70,OK
2026-05-23T16:24:08.173326,70,OK
2026-05-23T16:24:13.178595,70,OK
2026-05-23T16:24:18.181316,70,OK
2026-05-23T16:24:23.187581,70,OK
2026-05-23T16:24:28.172265,68,OK
2026-05-23T16:24:33.174450,71,OK
2026-05-23T16:24:38.167762,70,OK
2026-05-23T16:24:43.173107,70,OK
2026-05-23T16:24:48.183350,70,OK
2026-05-23T16:24:53.183550,70,OK
2026-05-23T16:24:58.170531,70,OK
2026-05-23T16:25:03.163264,70,OK
2026-05-23T16:25:08.178590,70,OK
2026-05-23T16:25:13.180310,70,OK
2026-05-23T16:25:18.182977,70,OK
2026-05-23T16:25:23.175363,70,OK
2026-05-23T16:25:28.178820,68,OK
2026-05-23T16:25:33.170701,69,OK
2026-05-23T16:25:38.183061,70,OK
2026-05-23T16:25:43.171751,70,OK
2026-05-23T16:25:48.175091,70,OK
2026-05-23T16:25:53.176825,70,OK
2026-05-23T16:25:58.188495,70,OK
2026-05-23T16:26:03.172252,70,OK
2026-05-23T16:26:08.172688,70,OK
2026-05-23T16:26:13.168029,70,OK
2026-05-23T16:26:18.176298,70,OK
2026-05-23T16:26:23.185059,71,OK
2026-05-23T16:26:28.170568,70,OK
2026-05-23T16:26:33.175262,70,OK
2026-05-23T16:26:38.169207,70,OK
2026-05-23T16:26:43.164322,70,OK
2026-05-23T16:26:48.173391,71,OK
2026-05-23T16:26:53.167939,70,OK
2026-05-23T16:26:58.175645,70,OK
2026-05-23T16:27:03.170892,70,OK
2026-05-23T16:27:08.174835,71,OK
2026-05-23T16:27:13.179488,69,OK
2026-05-23T16:27:18.172217,70,OK
2026-05-23T16:27:23.186677,70,OK
2026-05-23T16:27:28.170443,70,OK
2026-05-23T16:27:33.184300,70,OK
2026-05-23T16:27:38.184861,70,OK
2026-05-23T16:27:43.180601,70,OK
2026-05-23T16:27:48.171162,69,OK
2026-05-23T16:27:53.175900,70,OK
2026-05-23T16:27:58.180710,70,OK
2026-05-23T16:28:03.175374,70,OK
2026-05-23T16:28:08.185433,70,OK
2026-05-23T16:28:13.176124,71,OK
2026-05-23T16:28:18.175828,70,OK
2026-05-23T16:28:23.179865,70,OK
2026-05-23T16:28:28.182643,70,OK
2026-05-23T16:28:33.197563,70,OK
2026-05-23T16:28:38.248717,70,OK
2026-05-23T16:28:43.299155,70,OK
2026-05-23T16:28:48.350058,71,OK
2026-05-23T16:28:53.400354,70,OK
2026-05-23T16:28:58.450884,71,OK
2026-05-23T16:29:03.500712,71,OK
2026-05-23T16:29:08.551424,70,OK
2026-05-23T16:29:13.602373,70,OK
2026-05-23T16:29:18.652269,71,OK
2026-05-23T16:29:23.703072,70,OK
2026-05-23T16:29:28.753833,70,OK
2026-05-23T16:29:33.804186,70,OK
2026-05-23T16:29:38.855028,70,OK
2026-05-23T16:29:43.905746,70,OK
2026-05-23T16:29:48.956267,71,OK
2026-05-23T16:29:54.006783,71,OK
2026-05-23T16:29:59.057219,69,OK
2026-05-23T16:30:04.107570,70,OK
2026-05-23T16:30:09.158107,70,OK
2026-05-23T16:30:18.181928,71,OK
2026-05-23T16:30:23.180371,70,OK
2026-05-23T16:30:28.180796,70,OK
2026-05-23T16:30:33.167593,70,OK
2026-05-23T16:30:38.176168,70,OK
2026-05-23T16:30:43.173867,69,OK
2026-05-23T16:30:48.166584,70,OK
2026-05-23T16:30:53.174830,70,OK
2026-05-23T16:30:58.185156,71,OK
2026-05-23T16:31:03.170385,71,OK
2026-05-23T16:31:08.180971,71,OK
2026-05-23T16:31:13.178961,70,OK
2026-05-23T16:31:18.189727,70,OK
2026-05-23T16:31:23.169513,70,OK
2026-05-23T16:31:28.182079,70,OK
2026-05-23T16:31:33.175315,71,OK
2026-05-23T16:31:38.184542,70,OK
2026-05-23T16:31:43.181945,71,OK
2026-05-23T16:31:48.177837,70,OK
2026-05-23T16:31:53.178089,70,OK
2026-05-23T16:31:58.183908,71,OK
2026-05-23T16:32:03.165107,70,OK
2026-05-23T16:32:08.177777,70,OK
2026-05-23T16:32:13.171289,71,OK
2026-05-23T16:32:18.172467,70,OK
2026-05-23T16:32:23.173786,70,OK
2026-05-23T16:32:28.181690,70,OK
2026-05-23T16:32:33.177138,70,OK
2026-05-23T16:32:38.182447,71,OK
2026-05-23T16:32:43.194310,70,OK
2026-05-23T16:32:48.178401,70,OK
2026-05-23T16:32:53.181170,71,OK
2026-05-23T16:32:58.176055,70,OK
2026-05-23T16:33:03.181781,71,OK
2026-05-23T16:33:08.180331,70,OK
2026-05-23T16:33:13.170128,70,OK
2026-05-23T16:33:18.187344,70,OK
2026-05-23T16:33:23.174028,71,OK
2026-05-23T16:33:28.183149,71,OK
2026-05-23T16:33:33.178961,71,OK
2026-05-23T16:33:38.175628,71,OK
2026-05-23T16:33:43.183332,70,OK
2026-05-23T16:33:48.178523,71,OK
2026-05-23T16:33:53.182686,71,OK
2026-05-23T16:33:58.187317,70,OK
2026-05-23T16:34:03.176021,69,OK
2026-05-23T16:34:08.183044,68,OK
2026-05-23T16:34:13.168202,71,OK
2026-05-23T16:34:18.169572,71,OK
2026-05-23T16:34:23.172873,71,OK
2026-05-23T16:34:28.174037,70,OK
2026-05-23T16:34:33.186476,71,OK
2026-05-23T16:34:38.184155,71,OK
2026-05-23T16:34:43.166888,70,OK
2026-05-23T16:34:48.183551,70,OK
2026-05-23T16:34:53.175601,70,OK
2026-05-23T16:34:58.184529,70,OK
2026-05-23T16:35:03.179628,71,OK
2026-05-23T16:35:08.175587,71,OK
2026-05-23T16:35:13.180242,71,OK
2026-05-23T16:35:18.171678,70,OK
2026-05-23T16:35:23.175775,70,OK
2026-05-23T16:35:28.184465,70,OK
2026-05-23T16:35:33.172823,70,OK
2026-05-23T16:35:38.179739,70,OK
2026-05-23T16:35:43.175040,71,OK
2026-05-23T16:35:48.187661,71,OK
2026-05-23T16:35:53.178664,71,OK
2026-05-23T16:35:58.186750,70,OK
2026-05-23T16:36:03.174703,71,OK
2026-05-23T16:36:08.186270,70,OK
2026-05-23T16:36:13.178804,71,OK
2026-05-23T16:36:18.168475,71,OK
2026-05-23T16:36:23.171889,70,OK
2026-05-23T16:36:28.180072,70,OK
2026-05-23T16:36:33.176728,71,OK
2026-05-23T16:36:38.170387,71,OK
2026-05-23T16:36:43.176902,71,OK
2026-05-23T16:36:48.174056,71,OK
2026-05-23T16:36:53.197065,70,OK
2026-05-23T16:36:58.248046,69,OK
2026-05-23T16:37:03.298798,68,OK
2026-05-23T16:37:08.349315,70,OK
2026-05-23T16:37:13.400188,71,OK
2026-05-23T16:37:18.450499,70,OK
2026-05-23T16:37:23.500657,71,OK
2026-05-23T16:37:28.551374,71,OK
2026-05-23T16:37:33.601431,70,OK
2026-05-23T16:37:38.652367,70,OK
2026-05-23T16:37:43.702783,70,OK
2026-05-23T16:37:48.753690,69,OK
2026-05-23T16:37:53.804049,71,OK
2026-05-23T16:37:58.854244,68,OK
2026-05-23T16:38:03.905307,70,OK
2026-05-23T16:38:08.956096,71,OK
2026-05-23T16:38:14.006285,67,OK
2026-05-23T16:38:19.056927,71,OK
2026-05-23T16:38:24.107115,71,OK
2026-05-23T16:38:29.157259,70,OK
2026-05-23T16:38:38.167529,70,OK
2026-05-23T16:38:43.180844,70,OK
2026-05-23T16:38:48.176424,70,OK
2026-05-23T16:38:53.173461,70,OK
2026-05-23T16:38:58.166223,70,OK
2026-05-23T16:39:03.175188,70,OK
2026-05-23T16:39:08.179675,71,OK
2026-05-23T16:39:13.165126,71,OK
2026-05-23T16:39:18.181097,70,OK
2026-05-23T16:39:23.172797,70,OK
2026-05-23T16:39:28.178641,70,OK
2026-05-23T16:39:33.175854,71,OK
2026-05-23T16:39:38.176568,70,OK
2026-05-23T16:39:43.182073,70,OK
2026-05-23T16:39:48.171989,70,OK
2026-05-23T16:39:53.180742,71,OK
2026-05-23T16:39:58.173101,70,OK
2026-05-23T16:40:03.170532,70,OK
2026-05-23T16:40:08.189038,70,OK
2026-05-23T16:40:13.184046,71,OK
2026-05-23T16:40:18.178119,71,OK
2026-05-23T16:40:23.176521,71,OK
2026-05-23T16:40:28.167185,71,OK
2026-05-23T16:40:33.172917,71,OK
2026-05-23T16:40:38.181927,71,OK
2026-05-23T16:40:43.165489,71,OK
2026-05-23T16:40:48.173652,71,OK
2026-05-23T16:40:53.172737,70,OK
2026-05-23T16:40:58.172930,70,OK
2026-05-23T16:41:03.177078,71,OK
2026-05-23T16:41:08.170484,71,OK
2026-05-23T16:41:13.176216,70,OK
2026-05-23T16:41:18.176896,71,OK
2026-05-23T16:41:23.181102,71,OK
2026-05-23T16:41:28.181603,70,OK
2026-05-23T16:41:33.168038,70,OK
2026-05-23T16:41:38.170991,71,OK
2026-05-23T16:41:43.176542,71,OK
2026-05-23T16:41:48.181436,70,OK
2026-05-23T16:41:53.178314,70,OK
2026-05-23T16:41:58.181926,71,OK
2026-05-23T16:42:03.185739,71,OK
2026-05-23T16:42:08.185908,71,OK
2026-05-23T16:42:13.188846,71,OK
2026-05-23T16:42:18.197236,71,OK
2026-05-23T16:42:23.186510,71,OK
2026-05-23T16:42:28.179563,71,OK
2026-05-23T16:42:33.180976,70,OK
2026-05-23T16:42:38.171793,71,OK
2026-05-23T16:42:43.176768,71,OK
2026-05-23T16:42:48.179538,71,OK
2026-05-23T16:42:53.191441,71,OK
2026-05-23T16:42:58.173113,71,OK
2026-05-23T16:43:03.183979,71,OK
2026-05-23T16:43:08.172149,70,OK
2026-05-23T16:43:13.186205,71,OK
2026-05-23T16:43:18.188144,71,OK
2026-05-23T16:43:23.175264,71,OK
2026-05-23T16:43:28.180434,71,OK
2026-05-23T16:43:33.177320,70,OK
2026-05-23T16:43:38.183388,71,OK
2026-05-23T16:43:43.186605,71,OK
2026-05-23T16:43:48.184750,71,OK
2026-05-23T16:43:53.172840,71,OK
2026-05-23T16:43:58.181795,70,OK
2026-05-23T16:44:03.187804,70,OK
2026-05-23T16:44:08.167715,70,OK
2026-05-23T16:44:13.184276,71,OK
2026-05-23T16:44:18.178474,70,OK
2026-05-23T16:44:23.186406,71,OK
2026-05-23T16:44:28.184770,71,OK
2026-05-23T16:44:33.185850,71,OK
2026-05-23T16:44:38.181960,71,OK
2026-05-23T16:44:43.174226,71,OK
2026-05-23T16:44:48.181051,70,OK
2026-05-23T16:44:53.183312,70,OK
2026-05-23T16:44:58.171362,71,OK
2026-05-23T16:45:03.175179,71,OK
2026-05-23T16:45:08.186589,70,OK
2026-05-23T16:45:13.191509,70,OK
2026-05-23T16:45:18.242411,70,OK
2026-05-23T16:45:23.293345,71,OK
2026-05-23T16:45:28.343605,71,OK
2026-05-23T16:45:33.394007,71,OK
2026-05-23T16:45:38.444142,68,OK
2026-05-23T16:45:43.494654,70,OK
2026-05-23T16:45:48.545605,71,OK
2026-05-23T16:45:53.595981,70,OK
2026-05-23T16:45:58.646392,71,OK
2026-05-23T16:46:03.697142,70,OK
2026-05-23T16:46:08.747779,70,OK
2026-05-23T16:46:13.797791,71,OK
2026-05-23T16:46:18.848444,71,OK
2026-05-23T16:46:23.898663,71,OK
2026-05-23T16:46:28.949031,71,OK
2026-05-23T16:46:33.999327,71,OK
2026-05-23T16:46:39.048768,71,OK
2026-05-23T16:46:44.099982,70,OK
2026-05-23T16:46:49.150545,69,OK
2026-05-23T16:46:58.180575,71,OK
2026-05-23T16:47:03.172156,71,OK
2026-05-23T16:47:08.188362,71,OK
2026-05-23T16:47:13.184784,71,OK
2026-05-23T16:47:18.172682,71,OK
2026-05-23T16:47:23.180089,71,OK
2026-05-23T16:47:28.173916,71,OK
2026-05-23T16:47:33.188021,70,OK
2026-05-23T16:47:38.173048,70,OK
2026-05-23T16:47:43.188098,70,OK
2026-05-23T16:47:48.183704,70,OK
2026-05-23T16:47:53.185719,71,OK
2026-05-23T16:47:58.179372,71,OK
2026-05-23T16:48:03.174920,70,OK
2026-05-23T16:48:08.176613,71,OK
2026-05-23T16:48:13.179319,69,OK
2026-05-23T16:48:18.172527,68,OK
2026-05-23T16:48:23.184810,71,OK
2026-05-23T16:48:28.182929,71,OK
2026-05-23T16:48:33.184276,71,OK
2026-05-23T16:48:38.178646,70,OK
2026-05-23T16:48:43.181727,71,OK
2026-05-23T16:48:48.183828,70,OK
2026-05-23T16:48:53.170422,70,OK
2026-05-23T16:48:58.182806,71,OK
2026-05-23T16:49:03.180191,71,OK
2026-05-23T16:49:08.177181,71,OK
2026-05-23T16:49:13.179540,70,OK
2026-05-23T16:49:18.182389,71,OK
2026-05-23T16:49:23.186428,71,OK
2026-05-23T16:49:28.172426,70,OK
2026-05-23T16:49:33.175858,70,OK
2026-05-23T16:49:38.182020,71,OK
2026-05-23T16:49:43.183244,71,OK
2026-05-23T16:49:48.169515,71,OK
2026-05-23T16:49:53.178024,71,OK
2026-05-23T16:49:58.173431,71,OK
2026-05-23T16:50:03.175986,71,OK
2026-05-23T16:50:08.177567,71,OK
2026-05-23T16:50:13.173943,71,OK
2026-05-23T16:50:18.176862,71,OK
2026-05-23T16:50:23.181604,71,OK
2026-05-23T16:50:28.179928,71,OK
2026-05-23T16:50:33.174537,71,OK
2026-05-23T16:50:38.169844,71,OK
2026-05-23T16:50:43.170110,69,OK
2026-05-23T16:50:48.171688,71,OK
2026-05-23T16:50:53.181479,70,OK
2026-05-23T16:50:58.177646,71,OK
2026-05-23T16:51:03.177956,71,OK
2026-05-23T16:51:08.174027,71,OK
2026-05-23T16:51:13.170497,71,OK
2026-05-23T16:51:18.170125,71,OK
2026-05-23T16:51:23.170025,71,OK
2026-05-23T16:51:28.180868,71,OK
2026-05-23T16:51:33.180943,71,OK
2026-05-23T16:51:38.179461,71,OK
2026-05-23T16:51:43.180933,69,OK
2026-05-23T16:51:48.182665,68,OK
2026-05-23T16:51:53.175233,71,OK
2026-05-23T16:51:58.181602,70,OK
2026-05-23T16:52:03.174893,71,OK
2026-05-23T16:52:08.176126,71,OK
2026-05-23T16:52:13.180184,71,OK
2026-05-23T16:52:18.179523,70,OK
2026-05-23T16:52:23.178223,71,OK
2026-05-23T16:52:28.184250,71,OK
2026-05-23T16:52:33.181451,71,OK
2026-05-23T16:52:38.182576,70,OK
2026-05-23T16:52:43.178478,71,OK
2026-05-23T16:52:48.183943,70,OK
2026-05-23T16:52:53.166300,71,OK
2026-05-23T16:52:58.178367,71,OK
2026-05-23T16:53:03.170995,71,OK
2026-05-23T16:53:08.181417,71,OK
2026-05-23T16:53:13.180537,71,OK
2026-05-23T16:53:18.185654,71,OK
2026-05-23T16:53:23.180321,68,OK
2026-05-23T16:53:28.177588,71,OK
2026-05-23T16:53:33.182339,71,OK
2026-05-23T16:53:38.233151,71,OK
2026-05-23T16:53:43.282940,71,OK
2026-05-23T16:53:48.333645,69,OK
2026-05-23T16:53:53.384089,70,OK
2026-05-23T16:53:58.435248,71,OK
2026-05-23T16:54:03.485516,71,OK
2026-05-23T16:54:08.535613,71,OK
2026-05-23T16:54:13.585486,71,OK
2026-05-23T16:54:18.635953,71,OK
2026-05-23T16:54:23.686417,70,OK
2026-05-23T16:54:28.737236,71,OK
2026-05-23T16:54:33.787231,71,OK
2026-05-23T16:54:38.837710,71,OK
2026-05-23T16:54:43.888125,70,OK
2026-05-23T16:54:48.938044,71,OK
2026-05-23T16:54:53.988941,71,OK
2026-05-23T16:54:59.039131,70,OK
2026-05-23T16:55:04.089930,71,OK
2026-05-23T16:55:09.140256,71,OK
2026-05-23T16:55:14.190668,71,OK
2026-05-23T16:55:23.188812,70,OK
2026-05-23T16:55:28.176469,71,OK
2026-05-23T16:55:33.176701,70,OK
2026-05-23T16:55:38.178011,71,OK
2026-05-23T16:55:43.183588,71,OK
2026-05-23T16:55:48.178188,71,OK
2026-05-23T16:55:53.187236,71,OK
2026-05-23T16:55:58.167482,71,OK
2026-05-23T16:56:03.184925,71,OK
2026-05-23T16:56:08.173394,69,OK
2026-05-23T16:56:13.181317,70,OK
2026-05-23T16:56:18.173818,71,OK
2026-05-23T16:56:23.181401,71,OK
2026-05-23T16:56:28.181282,71,OK
2026-05-23T16:56:33.176237,68,OK
2026-05-23T16:56:38.172903,70,OK
2026-05-23T16:56:43.186948,71,OK
2026-05-23T16:56:48.184701,71,OK
2026-05-23T16:56:53.184430,71,OK
2026-05-23T16:56:58.178343,71,OK
2026-05-23T16:57:03.175260,71,OK
2026-05-23T16:57:08.170630,71,OK
2026-05-23T16:57:13.173166,70,OK
2026-05-23T16:57:18.180755,71,OK
2026-05-23T16:57:23.178462,71,OK
2026-05-23T16:57:28.182064,70,OK
2026-05-23T16:57:33.180787,71,OK
2026-05-23T16:57:38.176483,71,OK
2026-05-23T16:57:43.168077,71,OK
2026-05-23T16:57:48.178741,71,OK
2026-05-23T16:57:53.174026,71,OK
2026-05-23T16:57:58.171396,71,OK
2026-05-23T16:58:03.166162,71,OK
2026-05-23T16:58:08.184723,70,OK
2026-05-23T16:58:13.168092,71,OK
2026-05-23T16:58:18.184036,71,OK
2026-05-23T16:58:23.169855,71,OK
2026-05-23T16:58:28.182322,71,OK
2026-05-23T16:58:33.184394,71,OK
2026-05-23T16:58:38.174161,71,OK
2026-05-23T16:58:43.179442,71,OK
2026-05-23T16:58:48.181493,71,OK
2026-05-23T16:58:53.187015,71,OK
2026-05-23T16:58:58.167901,71,OK
2026-05-23T16:59:03.180626,71,OK
2026-05-23T16:59:08.171889,71,OK
2026-05-23T16:59:13.175087,71,OK
2026-05-23T16:59:18.184405,70,OK
2026-05-23T16:59:23.184667,70,OK
2026-05-23T16:59:28.178604,71,OK
2026-05-23T16:59:33.178019,71,OK
2026-05-23T16:59:38.170745,70,OK
2026-05-23T16:59:43.168268,69,OK
2026-05-23T16:59:48.175065,71,OK
2026-05-23T16:59:53.181517,71,OK
2026-05-23T16:59:58.185371,71,OK
2026-05-23T17:00:03.185654,71,OK
2026-05-23T17:00:08.182778,70,OK
2026-05-23T17:00:13.167400,71,OK
2026-05-23T17:00:18.169686,71,OK
2026-05-23T17:00:23.190062,70,OK
2026-05-23T17:00:28.176911,71,OK
2026-05-23T17:00:33.174766,71,OK
2026-05-23T17:00:38.175368,70,OK
2026-05-23T17:00:43.183508,71,OK
2026-05-23T17:00:48.169619,69,OK
2026-05-23T17:00:53.182469,70,OK
2026-05-23T17:00:58.177679,71,OK
2026-05-23T17:01:03.177076,71,OK
2026-05-23T17:01:08.177087,71,OK
2026-05-23T17:01:13.168825,71,OK
2026-05-23T17:01:18.173096,71,OK
2026-05-23T17:01:23.179377,71,OK
2026-05-23T17:01:28.183137,71,OK
2026-05-23T17:01:33.177454,71,OK
2026-05-23T17:01:38.182341,71,OK
2026-05-23T17:01:43.184704,71,OK
2026-05-23T17:01:48.177312,71,OK
2026-05-23T17:01:53.184626,70,OK
2026-05-23T17:01:58.220561,71,OK
2026-05-23T17:02:03.271362,71,OK
2026-05-23T17:02:08.321758,71,OK
2026-05-23T17:02:13.371634,71,OK
2026-05-23T17:02:18.422220,71,OK
2026-05-23T17:02:23.472322,71,OK
2026-05-23T17:02:28.522424,70,OK
2026-05-23T17:02:33.573301,71,OK
2026-05-23T17:02:38.623474,70,OK
2026-05-23T17:02:43.674544,70,OK
2026-05-23T17:02:48.724909,71,OK
2026-05-23T17:02:53.775230,71,OK
2026-05-23T17:02:58.825492,71,OK
2026-05-23T17:03:03.875872,71,OK
2026-05-23T17:03:08.925900,71,OK
2026-05-23T17:03:13.976491,71,OK
2026-05-23T17:03:19.026962,71,OK
2026-05-23T17:03:24.076964,71,OK
2026-05-23T17:03:29.127369,71,OK
2026-05-23T17:03:34.177974,71,OK
2026-05-23T17:03:43.176295,71,OK
2026-05-23T17:03:48.178968,71,OK
2026-05-23T17:03:53.177145,71,OK
2026-05-23T17:03:58.178543,71,OK
2026-05-23T17:04:03.174286,71,OK
2026-05-23T17:04:08.179980,71,OK
2026-05-23T17:04:13.172545,71,OK
2026-05-23T17:04:18.174075,71,OK
2026-05-23T17:04:23.179407,71,OK
2026-05-23T17:04:28.178734,71,OK
2026-05-23T17:04:33.174927,71,OK
2026-05-23T17:04:38.174231,71,OK
2026-05-23T17:04:43.177078,71,OK
2026-05-23T17:04:48.174520,70,OK
2026-05-23T17:04:53.173622,71,OK
2026-05-23T17:04:58.168038,71,OK
2026-05-23T17:05:03.185536,71,OK
2026-05-23T17:05:08.196555,71,OK
2026-05-23T17:05:13.166273,71,OK
2026-05-23T17:05:18.181297,71,OK
2026-05-23T17:05:23.182313,70,OK
2026-05-23T17:05:28.186889,70,OK
2026-05-23T17:05:33.186234,71,OK
2026-05-23T17:05:38.179470,70,OK
2026-05-23T17:05:43.165651,71,OK
2026-05-23T17:05:48.174709,71,OK
2026-05-23T17:05:53.172293,71,OK
2026-05-23T17:05:58.172047,71,OK
2026-05-23T17:06:03.186091,71,OK
2026-05-23T17:06:08.173085,71,OK
2026-05-23T17:06:13.188598,71,OK
2026-05-23T17:06:18.175924,71,OK
2026-05-23T17:06:23.188130,71,OK
2026-05-23T17:06:28.173976,71,OK
2026-05-23T17:06:33.175046,71,OK
2026-05-23T17:06:38.176471,71,OK
2026-05-23T17:06:43.180895,71,OK
2026-05-23T17:06:48.183714,71,OK
2026-05-23T17:06:53.178606,71,OK
2026-05-23T17:06:58.181161,71,OK
2026-05-23T17:07:03.177555,71,OK
2026-05-23T17:07:08.173252,70,OK
2026-05-23T17:07:13.188000,71,OK
2026-05-23T17:07:18.176857,71,OK
2026-05-23T17:07:23.167609,71,OK
2026-05-23T17:07:28.174195,71,OK
2026-05-23T17:07:33.184714,71,OK
2026-05-23T17:07:38.174935,71,OK
2026-05-23T17:07:43.177250,71,OK
2026-05-23T17:07:48.173086,71,OK
2026-05-23T17:07:53.179513,70,OK
2026-05-23T17:07:58.171817,70,OK
2026-05-23T17:08:03.170630,71,OK
2026-05-23T17:08:08.172752,71,OK
2026-05-23T17:08:13.174536,71,OK
2026-05-23T17:08:18.186323,69,OK
2026-05-23T17:08:23.180815,71,OK
2026-05-23T17:08:28.177475,71,OK
2026-05-23T17:08:33.188248,71,OK
2026-05-23T17:08:38.176503,71,OK
2026-05-23T17:08:43.177684,70,OK
2026-05-23T17:08:48.172136,71,OK
2026-05-23T17:08:53.173311,71,OK
2026-05-23T17:08:58.186098,70,OK
2026-05-23T17:09:03.171306,71,OK
2026-05-23T17:09:08.182920,71,OK
2026-05-23T17:09:13.173901,71,OK
2026-05-23T17:09:18.171898,71,OK
2026-05-23T17:09:23.168024,70,OK
2026-05-23T17:09:28.170506,71,OK
2026-05-23T17:09:33.169944,71,OK
2026-05-23T17:09:38.179094,71,OK
2026-05-23T17:09:43.185336,70,OK
2026-05-23T17:09:48.182652,71,OK
2026-05-23T17:09:53.177783,71,OK
2026-05-23T17:09:58.179262,71,OK
2026-05-23T17:10:03.185484,70,OK
2026-05-23T17:10:08.182845,71,OK
2026-05-23T17:10:13.174370,71,OK
2026-05-23T17:10:18.205479,71,OK
2026-05-23T17:10:23.256141,71,OK
2026-05-23T17:10:28.306038,71,OK
2026-05-23T17:10:33.356484,71,OK
2026-05-23T17:10:38.406835,71,OK
2026-05-23T17:10:43.456886,70,OK
2026-05-23T17:10:48.507198,71,OK
2026-05-23T17:10:53.557802,71,OK
2026-05-23T17:10:58.608325,71,OK
2026-05-23T17:11:03.658715,71,OK
2026-05-23T17:11:08.708524,71,OK
2026-05-23T17:11:13.758951,71,OK
2026-05-23T17:11:18.809235,71,OK
2026-05-23T17:11:23.859799,71,OK
2026-05-23T17:11:28.910109,71,OK
2026-05-23T17:11:33.960461,71,OK
2026-05-23T17:11:39.010938,71,OK
2026-05-23T17:11:44.061007,71,OK
2026-05-23T17:11:49.111301,71,OK
2026-05-23T17:11:54.161744,71,OK
2026-05-23T17:12:03.178145,70,OK
2026-05-23T17:12:08.171399,71,OK
2026-05-23T17:12:13.168454,71,OK
2026-05-23T17:12:18.178421,71,OK
2026-05-23T17:12:23.187751,71,OK
2026-05-23T17:12:28.183698,71,OK
2026-05-23T17:12:33.179231,71,OK
2026-05-23T17:12:38.178009,71,OK
2026-05-23T17:12:43.188792,70,OK
2026-05-23T17:12:48.178333,71,OK
2026-05-23T17:12:53.172035,71,OK
2026-05-23T17:12:58.176761,71,OK
2026-05-23T17:13:03.187088,71,OK
2026-05-23T17:13:08.187539,71,OK
2026-05-23T17:13:13.178804,71,OK
2026-05-23T17:13:18.174631,71,OK
2026-05-23T17:13:23.186111,71,OK
2026-05-23T17:13:28.168953,71,OK
2026-05-23T17:13:33.178770,71,OK
2026-05-23T17:13:38.176916,71,OK
2026-05-23T17:13:43.184302,70,OK
2026-05-23T17:13:48.180604,70,OK
2026-05-23T17:13:53.187654,71,OK
2026-05-23T17:13:58.182028,70,OK
2026-05-23T17:14:03.185866,71,OK
2026-05-23T17:14:08.176097,70,OK
2026-05-23T17:14:13.177350,70,OK
2026-05-23T17:14:18.188344,70,OK
2026-05-23T17:14:23.178188,70,OK
2026-05-23T17:14:28.174054,71,OK
2026-05-23T17:14:33.178378,70,OK
2026-05-23T17:14:38.174464,70,OK
2026-05-23T17:14:43.170184,71,OK
2026-05-23T17:14:48.168093,71,OK
2026-05-23T17:14:53.172717,71,OK
2026-05-23T17:14:58.175456,71,OK
2026-05-23T17:15:03.175384,71,OK
2026-05-23T17:15:08.169997,71,OK
2026-05-23T17:15:13.187377,71,OK
2026-05-23T17:15:18.200960,71,OK
2026-05-23T17:15:23.182915,71,OK
2026-05-23T17:15:28.179425,71,OK
2026-05-23T17:15:33.175575,69,OK
2026-05-23T17:15:38.169785,69,OK
2026-05-23T17:15:43.179314,71,OK
2026-05-23T17:15:48.177244,71,OK
2026-05-23T17:15:53.183159,71,OK
2026-05-23T17:15:58.178657,71,OK
2026-05-23T17:16:03.183189,71,OK
2026-05-23T17:16:08.185937,71,OK
2026-05-23T17:16:13.184821,71,OK
2026-05-23T17:16:18.175428,71,OK
2026-05-23T17:16:23.183935,70,OK
2026-05-23T17:16:28.181230,71,OK
2026-05-23T17:16:33.183327,71,OK
2026-05-23T17:16:38.184703,70,OK
2026-05-23T17:16:43.172046,70,OK
2026-05-23T17:16:48.183511,70,OK
2026-05-23T17:16:53.184773,71,OK
2026-05-23T17:16:58.176705,71,OK
2026-05-23T17:17:03.178856,71,OK
2026-05-23T17:17:08.184696,70,OK
2026-05-23T17:17:13.175546,71,OK
2026-05-23T17:17:18.175806,71,OK
2026-05-23T17:17:23.174763,71,OK
2026-05-23T17:17:28.178498,71,OK
2026-05-23T17:17:33.177488,71,OK
2026-05-23T17:17:38.169159,71,OK
2026-05-23T17:17:43.166586,71,OK
2026-05-23T17:17:48.174907,71,OK
2026-05-23T17:17:53.177303,71,OK
2026-05-23T17:17:58.181639,71,OK
2026-05-23T17:18:03.174933,71,OK
2026-05-23T17:18:08.180141,71,OK
2026-05-23T17:18:13.179491,71,OK
2026-05-23T17:18:18.168776,71,OK
2026-05-23T17:18:23.180988,70,OK
2026-05-23T17:18:28.177892,71,OK
2026-05-23T17:18:33.179378,71,OK
2026-05-23T17:18:38.191131,71,OK
2026-05-23T17:18:43.242072,71,OK
2026-05-23T17:18:48.292656,71,OK
2026-05-23T17:18:53.342869,71,OK
2026-05-23T17:18:58.392940,71,OK
2026-05-23T17:19:03.443333,71,OK
2026-05-23T17:19:08.493210,71,OK
2026-05-23T17:19:13.543986,71,OK
2026-05-23T17:19:18.594122,71,OK
2026-05-23T17:19:23.644610,71,OK
2026-05-23T17:19:28.695021,71,OK
2026-05-23T17:19:33.745060,71,OK
2026-05-23T17:19:38.795416,71,OK
2026-05-23T17:19:43.845667,71,OK
2026-05-23T17:19:48.896107,70,OK
2026-05-23T17:19:53.946708,71,OK
2026-05-23T17:19:58.996743,71,OK
2026-05-23T17:20:04.047252,71,OK
2026-05-23T17:20:09.097372,71,OK
2026-05-23T17:20:14.147096,71,OK
2026-05-23T17:20:23.171937,70,OK
2026-05-23T17:20:28.178898,70,OK
2026-05-23T17:20:33.168248,70,OK
2026-05-23T17:20:38.168367,71,OK
2026-05-23T17:20:43.169703,71,OK
2026-05-23T17:20:48.175692,71,OK
2026-05-23T17:20:53.172949,71,OK
2026-05-23T17:20:58.174662,71,OK
2026-05-23T17:21:03.174068,71,OK
2026-05-23T17:21:08.169450,71,OK
2026-05-23T17:21:13.182293,69,OK
2026-05-23T17:21:18.174098,70,OK
2026-05-23T17:21:23.180717,71,OK
2026-05-23T17:21:28.170084,71,OK
2026-05-23T17:21:33.169946,71,OK
2026-05-23T17:21:38.173820,70,OK
2026-05-23T17:21:43.178760,71,OK
2026-05-23T17:21:48.175151,71,OK
2026-05-23T17:21:53.180548,71,OK
2026-05-23T17:21:58.169526,71,OK
2026-05-23T17:22:03.174489,69,OK
2026-05-23T17:22:08.170433,71,OK
2026-05-23T17:22:13.186192,71,OK
2026-05-23T17:22:18.181678,71,OK
2026-05-23T17:22:23.183923,71,OK
2026-05-23T17:22:28.185377,71,OK
2026-05-23T17:22:33.165414,71,OK
2026-05-23T17:22:38.190488,71,OK
2026-05-23T17:22:43.187993,71,OK
2026-05-23T17:22:48.179215,70,OK
2026-05-23T17:22:53.173650,71,OK
2026-05-23T17:22:58.177835,71,OK
2026-05-23T17:23:03.184252,71,OK
2026-05-23T17:23:08.173413,70,OK
2026-05-23T17:23:13.176763,70,OK
2026-05-23T17:23:18.178534,71,OK
2026-05-23T17:23:23.178851,70,OK
2026-05-23T17:23:28.173018,71,OK
2026-05-23T17:23:33.198674,71,OK
2026-05-23T17:23:38.180798,71,OK
2026-05-23T17:23:43.180705,71,OK
2026-05-23T17:23:48.164198,71,OK
2026-05-23T17:23:53.183326,71,OK
2026-05-23T17:23:58.175805,71,OK
2026-05-23T17:24:03.181411,71,OK
2026-05-23T17:24:08.175566,71,OK
2026-05-23T17:24:13.181914,71,OK
2026-05-23T17:24:18.180941,71,OK
2026-05-23T17:24:23.163039,70,OK
2026-05-23T17:24:28.181535,71,OK
2026-05-23T17:24:33.173350,71,OK
2026-05-23T17:24:38.177535,71,OK
2026-05-23T17:24:43.186892,71,OK
2026-05-23T17:24:48.176539,71,OK
2026-05-23T17:24:53.191433,71,OK
2026-05-23T17:24:58.181255,70,OK
2026-05-23T17:25:03.177031,70,OK
2026-05-23T17:25:08.169100,71,OK
2026-05-23T17:25:13.180327,71,OK
2026-05-23T17:25:18.177327,71,OK
2026-05-23T17:25:23.175075,71,OK
2026-05-23T17:25:28.177637,71,OK
2026-05-23T17:25:33.180306,69,OK
2026-05-23T17:25:38.179089,71,OK
2026-05-23T17:25:43.170982,71,OK
2026-05-23T17:25:48.177733,71,OK
2026-05-23T17:25:53.195288,71,OK
2026-05-23T17:25:58.175901,71,OK
2026-05-23T17:26:03.171563,71,OK
2026-05-23T17:26:08.182064,71,OK
2026-05-23T17:26:13.184877,71,OK
2026-05-23T17:26:18.175793,71,OK
2026-05-23T17:26:23.164897,71,OK
2026-05-23T17:26:28.178163,71,OK
2026-05-23T17:26:33.184989,71,OK
2026-05-23T17:26:38.175810,71,OK
2026-05-23T17:26:43.176882,71,OK
2026-05-23T17:26:48.168352,71,OK
2026-05-23T17:26:53.173791,71,OK
2026-05-23T17:26:58.176119,71,OK
2026-05-23T17:27:03.226770,71,OK
2026-05-23T17:27:08.277421,71,OK
2026-05-23T17:27:13.327713,71,OK
2026-05-23T17:27:18.377872,71,OK
2026-05-23T17:27:23.428306,71,OK
2026-05-23T17:27:28.478524,71,OK
2026-05-23T17:27:33.528715,71,OK
2026-05-23T17:27:38.579175,71,OK
2026-05-23T17:27:43.629224,71,OK
2026-05-23T17:27:48.679624,71,OK
2026-05-23T17:27:53.730023,71,OK
2026-05-23T17:27:58.780262,71,OK
2026-05-23T17:28:03.830255,71,OK
2026-05-23T17:28:08.880875,71,OK
2026-05-23T17:28:13.931038,71,OK
2026-05-23T17:28:18.981058,71,OK
2026-05-23T17:28:24.031774,71,OK
2026-05-23T17:28:29.081474,71,OK
2026-05-23T17:28:34.132345,71,OK
2026-05-23T17:28:43.177812,71,OK
2026-05-23T17:28:48.183906,71,OK
2026-05-23T17:28:53.194191,71,OK
2026-05-23T17:28:58.168479,71,OK
2026-05-23T17:29:03.183864,71,OK
2026-05-23T17:29:08.180120,71,OK
2026-05-23T17:29:13.174419,71,OK
2026-05-23T17:29:18.170561,71,OK
2026-05-23T17:29:23.183974,71,OK
2026-05-23T17:29:28.178218,71,OK
2026-05-23T17:29:33.176049,71,OK
2026-05-23T17:29:38.188202,71,OK
2026-05-23T17:29:43.174854,71,OK
2026-05-23T17:29:48.186117,71,OK
2026-05-23T17:29:53.182877,70,OK
2026-05-23T17:29:58.178515,71,OK
2026-05-23T17:30:03.182824,71,OK
2026-05-23T17:30:08.168070,71,OK
2026-05-23T17:30:13.190117,70,OK
2026-05-23T17:30:18.173895,71,OK
2026-05-23T17:30:23.175265,71,OK
2026-05-23T17:30:28.180865,71,OK
2026-05-23T17:30:33.186388,71,OK
2026-05-23T17:30:38.187839,71,OK
2026-05-23T17:30:43.175191,71,OK
2026-05-23T17:30:48.172491,71,OK
2026-05-23T17:30:53.176299,71,OK
2026-05-23T17:30:58.174869,70,OK
2026-05-23T17:31:03.188571,71,OK
2026-05-23T17:31:08.182556,71,OK
2026-05-23T17:31:13.187728,70,OK
2026-05-23T17:31:18.169475,71,OK
2026-05-23T17:31:23.184762,71,OK
2026-05-23T17:31:28.179545,71,OK
2026-05-23T17:31:33.173108,71,OK
2026-05-23T17:31:38.170268,71,OK
2026-05-23T17:31:43.175191,71,OK
2026-05-23T17:31:48.179989,71,OK
2026-05-23T17:31:53.179190,71,OK
2026-05-23T17:31:58.169024,70,OK
2026-05-23T17:32:03.174097,71,OK
2026-05-23T17:32:08.185127,71,OK
2026-05-23T17:32:13.168300,71,OK
2026-05-23T17:32:18.183161,71,OK
2026-05-23T17:32:23.182582,71,OK
2026-05-23T17:32:28.183038,71,OK
2026-05-23T17:32:33.184499,71,OK
2026-05-23T17:32:38.179846,71,OK
2026-05-23T17:32:43.182672,71,OK
2026-05-23T17:32:48.174088,71,OK
2026-05-23T17:32:53.180303,71,OK
2026-05-23T17:32:58.176534,70,OK
2026-05-23T17:33:03.182721,71,OK
2026-05-23T17:33:08.174591,71,OK
2026-05-23T17:33:13.196784,71,OK
2026-05-23T17:33:18.165095,71,OK
2026-05-23T17:33:23.186215,71,OK
2026-05-23T17:33:28.189317,71,OK
2026-05-23T17:33:33.186096,70,OK
2026-05-23T17:33:38.187708,71,OK
2026-05-23T17:33:43.193695,71,OK
2026-05-23T17:33:48.186555,71,OK
2026-05-23T17:33:53.178924,70,OK
2026-05-23T17:33:58.183134,71,OK
2026-05-23T17:34:03.165579,71,OK
2026-05-23T17:34:08.189882,71,OK
2026-05-23T17:34:13.178798,71,OK
2026-05-23T17:34:18.172123,71,OK
2026-05-23T17:34:23.167944,71,OK
2026-05-23T17:34:28.175634,71,OK
2026-05-23T17:34:33.186642,71,OK
2026-05-23T17:34:38.179073,70,OK
2026-05-23T17:34:43.182010,68,OK
2026-05-23T17:34:48.173540,69,OK
2026-05-23T17:34:53.168801,71,OK
2026-05-23T17:34:58.169878,71,OK
2026-05-23T17:35:03.179827,71,OK
2026-05-23T17:35:08.179850,71,OK
2026-05-23T17:35:13.169829,71,OK
2026-05-23T17:35:18.173591,70,OK
2026-05-23T17:35:23.209933,69,OK
2026-05-23T17:35:28.260771,71,OK
2026-05-23T17:35:33.311554,71,OK
2026-05-23T17:35:38.361657,71,OK
2026-05-23T17:35:43.411395,70,OK
2026-05-23T17:35:48.462464,70,OK
2026-05-23T17:35:53.513013,71,OK
2026-05-23T17:35:58.563433,71,OK
2026-05-23T17:36:03.613749,71,OK
2026-05-23T17:36:08.664170,71,OK
2026-05-23T17:36:13.714343,71,OK
2026-05-23T17:36:18.764416,69,OK
2026-05-23T17:36:23.815516,71,OK
2026-05-23T17:36:28.865919,71,OK
2026-05-23T17:36:33.916083,70,OK
2026-05-23T17:36:38.966522,71,OK
2026-05-23T17:36:44.016921,71,OK
2026-05-23T17:36:49.067108,71,OK
2026-05-23T17:36:54.117512,71,OK
2026-05-23T17:36:59.167857,71,OK
2026-05-23T17:37:08.180411,71,OK
2026-05-23T17:37:13.191459,71,OK
2026-05-23T17:37:18.178861,71,OK
2026-05-23T17:37:23.181112,71,OK
2026-05-23T17:37:28.181614,69,OK
2026-05-23T17:37:33.178987,71,OK
2026-05-23T17:37:38.188230,71,OK
2026-05-23T17:37:43.175845,71,OK
2026-05-23T17:37:48.181329,71,OK
2026-05-23T17:37:53.188709,71,OK
2026-05-23T17:37:58.182488,71,OK
2026-05-23T17:38:03.187734,71,OK
2026-05-23T17:38:08.195858,71,OK
2026-05-23T17:38:13.179457,70,OK
2026-05-23T17:38:18.179470,71,OK
2026-05-23T17:38:23.184442,71,OK
2026-05-23T17:38:28.182779,71,OK
2026-05-23T17:38:33.185171,70,OK
2026-05-23T17:38:38.166965,71,OK
2026-05-23T17:38:43.185297,70,OK
2026-05-23T17:38:48.186096,71,OK
2026-05-23T17:38:53.178616,71,OK
2026-05-23T17:38:58.180433,71,OK
2026-05-23T17:39:03.174855,71,OK
2026-05-23T17:39:08.172473,71,OK
2026-05-23T17:39:13.182256,71,OK
2026-05-23T17:39:18.176017,71,OK
2026-05-23T17:39:23.171496,71,OK
2026-05-23T17:39:28.173883,71,OK
2026-05-23T17:39:33.176758,70,OK
2026-05-23T17:39:38.178319,71,OK
2026-05-23T17:39:43.178097,71,OK
2026-05-23T17:39:48.184198,69,OK
2026-05-23T17:39:53.181534,71,OK
2026-05-23T17:39:58.184433,71,OK
2026-05-23T17:40:03.180962,71,OK
2026-05-23T17:40:08.176202,71,OK
2026-05-23T17:40:13.168094,71,OK
2026-05-23T17:40:18.186311,71,OK
2026-05-23T17:40:23.180646,68,OK
2026-05-23T17:40:28.169096,71,OK
2026-05-23T17:40:33.168477,71,OK
2026-05-23T17:40:38.184486,71,OK
2026-05-23T17:40:43.167545,71,OK
2026-05-23T17:40:48.186192,70,OK
2026-05-23T17:40:53.174299,71,OK
2026-05-23T17:40:58.181719,71,OK
2026-05-23T17:41:03.171711,71,OK
2026-05-23T17:41:08.172125,71,OK
2026-05-23T17:41:13.178442,71,OK
2026-05-23T17:41:18.174201,71,OK
2026-05-23T17:41:23.171001,71,OK
2026-05-23T17:41:28.183607,71,OK
2026-05-23T17:41:33.185466,71,OK
2026-05-23T17:41:38.185455,71,OK
2026-05-23T17:41:43.174970,71,OK
2026-05-23T17:41:48.169829,71,OK
2026-05-23T17:41:53.175259,71,OK
2026-05-23T17:41:58.178215,71,OK
2026-05-23T17:42:03.185955,71,OK
2026-05-23T17:42:08.184450,71,OK
2026-05-23T17:42:13.176262,71,OK
2026-05-23T17:42:18.182520,71,OK
2026-05-23T17:42:23.174808,71,OK
2026-05-23T17:42:28.183025,71,OK
2026-05-23T17:42:33.178507,70,OK
2026-05-23T17:42:38.175284,71,OK
2026-05-23T17:42:43.180581,71,OK
2026-05-23T17:42:48.177934,71,OK
2026-05-23T17:42:53.181707,70,OK
2026-05-23T17:42:58.171625,71,OK
2026-05-23T17:43:03.179675,71,OK
2026-05-23T17:43:08.172337,71,OK
2026-05-23T17:43:13.180840,71,OK
2026-05-23T17:43:18.174677,71,OK
2026-05-23T17:43:23.193818,71,OK
2026-05-23T17:43:28.181134,70,OK
2026-05-23T17:43:33.168157,71,OK
2026-05-23T17:43:38.178079,71,OK
2026-05-23T17:43:43.194547,71,OK
2026-05-23T17:43:48.245297,70,OK
2026-05-23T17:43:53.296135,71,OK
2026-05-23T17:43:58.346514,71,OK
2026-05-23T17:44:03.396775,71,OK
2026-05-23T17:44:08.446852,71,OK
2026-05-23T17:44:13.496902,71,OK
2026-05-23T17:44:18.547530,71,OK
2026-05-23T17:44:23.598008,71,OK
2026-05-23T17:44:28.648279,71,OK
2026-05-23T17:44:33.698388,71,OK
2026-05-23T17:44:38.748669,71,OK
2026-05-23T17:44:43.799183,71,OK
2026-05-23T17:44:48.849263,70,OK
2026-05-23T17:44:53.900075,71,OK
2026-05-23T17:44:58.949826,68,OK
2026-05-23T17:45:04.000249,71,OK
2026-05-23T17:45:09.051491,71,OK
2026-05-23T17:45:14.101638,71,OK
2026-05-23T17:45:19.151748,71,OK
2026-05-23T17:45:28.167522,71,OK
2026-05-23T17:45:33.179931,71,OK
2026-05-23T17:45:38.184269,69,OK
2026-05-23T17:45:43.176282,71,OK
2026-05-23T17:45:48.188508,71,OK
2026-05-23T17:45:53.170967,70,OK
2026-05-23T17:45:58.172279,70,OK
2026-05-23T17:46:03.175867,71,OK
2026-05-23T17:46:08.180836,71,OK
2026-05-23T17:46:13.178493,69,OK
2026-05-23T17:46:18.183695,71,OK
2026-05-23T17:46:23.175089,71,OK
2026-05-23T17:46:28.176563,71,OK
2026-05-23T17:46:33.186831,71,OK
2026-05-23T17:46:38.176662,70,OK
2026-05-23T17:46:43.172176,71,OK
2026-05-23T17:46:48.179604,71,OK
2026-05-23T17:46:53.182110,70,OK
2026-05-23T17:46:58.183487,71,OK
2026-05-23T17:47:03.175066,71,OK
2026-05-23T17:47:08.180436,71,OK
2026-05-23T17:47:13.171775,71,OK
2026-05-23T17:47:18.175250,71,OK
2026-05-23T17:47:23.192464,70,OK
2026-05-23T17:47:28.175241,71,OK
2026-05-23T17:47:33.178498,71,OK
2026-05-23T17:47:38.180185,71,OK
2026-05-23T17:47:43.180267,71,OK
2026-05-23T17:47:48.168920,71,OK
2026-05-23T17:47:53.171966,71,OK
2026-05-23T17:47:58.173929,71,OK
2026-05-23T17:48:03.175587,69,OK
2026-05-23T17:48:08.167465,71,OK
2026-05-23T17:48:13.167646,71,OK
2026-05-23T17:48:18.172468,71,OK
2026-05-23T17:48:23.175463,71,OK
2026-05-23T17:48:28.174568,71,OK
2026-05-23T17:48:33.182513,71,OK
2026-05-23T17:48:38.174508,71,OK
2026-05-23T17:48:43.176090,71,OK
2026-05-23T17:48:48.182273,71,OK
2026-05-23T17:48:53.175588,71,OK
2026-05-23T17:48:58.170341,71,OK
2026-05-23T17:49:03.172700,71,OK
2026-05-23T17:49:08.176219,71,OK
2026-05-23T17:49:13.175361,71,OK
2026-05-23T17:49:18.174339,71,OK
2026-05-23T17:49:23.176368,71,OK
2026-05-23T17:49:28.176682,71,OK
2026-05-23T17:49:33.182684,71,OK
2026-05-23T17:49:38.184003,69,OK
2026-05-23T17:49:43.179028,71,OK
2026-05-23T17:49:48.168867,71,OK
2026-05-23T17:49:53.180678,71,OK
2026-05-23T17:49:58.190944,71,OK
2026-05-23T17:50:03.172525,71,OK
2026-05-23T17:50:08.187066,71,OK
2026-05-23T17:50:13.177702,71,OK
2026-05-23T17:50:18.180632,70,OK
2026-05-23T17:50:23.172499,71,OK
2026-05-23T17:50:28.186543,71,OK
2026-05-23T17:50:33.183448,71,OK
2026-05-23T17:50:38.182252,71,OK
2026-05-23T17:50:43.171911,71,OK
2026-05-23T17:50:48.171909,70,OK
2026-05-23T17:50:53.188938,71,OK
2026-05-23T17:50:58.192543,70,OK
2026-05-23T17:51:03.165655,71,OK
2026-05-23T17:51:08.179172,71,OK
2026-05-23T17:51:13.174891,71,OK
2026-05-23T17:51:18.180342,71,OK
2026-05-23T17:51:23.170052,71,OK
2026-05-23T17:51:28.167951,71,OK
2026-05-23T17:51:33.180789,71,OK
2026-05-23T17:51:38.174909,71,OK
2026-05-23T17:51:43.182196,71,OK
2026-05-23T17:51:48.171328,71,OK
2026-05-23T17:51:53.184843,71,OK
2026-05-23T17:51:58.180895,71,OK
2026-05-23T17:52:03.179155,71,OK
2026-05-23T17:52:08.230094,71,OK
2026-05-23T17:52:13.280524,71,OK
2026-05-23T17:52:18.330830,71,OK
2026-05-23T17:52:23.380453,71,OK
2026-05-23T17:52:28.431411,71,OK
2026-05-23T17:52:33.481705,71,OK
2026-05-23T17:52:38.531980,71,OK
2026-05-23T17:52:43.582162,71,OK
2026-05-23T17:52:48.631840,69,OK
2026-05-23T17:52:53.683245,71,OK
2026-05-23T17:52:58.733606,71,OK
2026-05-23T17:53:03.783794,71,OK
2026-05-23T17:53:08.833948,71,OK
2026-05-23T17:53:13.884459,71,OK
2026-05-23T17:53:18.934675,71,OK
2026-05-23T17:53:23.985062,71,OK
2026-05-23T17:53:29.035304,71,OK
2026-05-23T17:53:34.085805,71,OK
2026-05-23T17:53:39.135946,71,OK
2026-05-23T17:53:48.177833,71,OK
2026-05-23T17:53:53.193480,71,OK
2026-05-23T17:53:58.173426,71,OK
2026-05-23T17:54:03.182394,71,OK
2026-05-23T17:54:08.180048,69,OK
2026-05-23T17:54:13.178687,71,OK
2026-05-23T17:54:18.185462,71,OK
2026-05-23T17:54:23.178562,70,OK
2026-05-23T17:54:28.175382,71,OK
2026-05-23T17:54:33.168657,71,OK
2026-05-23T17:54:38.183852,71,OK
2026-05-23T17:54:43.170573,71,OK
2026-05-23T17:54:48.177954,71,OK
2026-05-23T17:54:53.174571,71,OK
2026-05-23T17:54:58.181190,71,OK
2026-05-23T17:55:03.176508,71,OK
2026-05-23T17:55:08.183004,71,OK
2026-05-23T17:55:13.167995,71,OK
2026-05-23T17:55:18.182539,71,OK
2026-05-23T17:55:23.185010,71,OK
2026-05-23T17:55:28.183882,71,OK
2026-05-23T17:55:33.183391,71,OK
2026-05-23T17:55:38.180432,70,OK
2026-05-23T17:55:43.178678,71,OK
2026-05-23T17:55:48.171595,71,OK
2026-05-23T17:55:53.186538,71,OK
2026-05-23T17:55:58.181593,71,OK
2026-05-23T17:56:03.171952,71,OK
2026-05-23T17:56:08.173866,71,OK
2026-05-23T17:56:13.189620,71,OK
2026-05-23T17:56:18.189162,71,OK
2026-05-23T17:56:23.177394,71,OK
2026-05-23T17:56:28.180407,71,OK
2026-05-23T17:56:33.178951,71,OK
2026-05-23T17:56:38.176229,71,OK
2026-05-23T17:56:43.177864,71,OK
2026-05-23T17:56:48.195592,71,OK
2026-05-23T17:56:53.178424,71,OK
2026-05-23T17:56:58.184661,71,OK
2026-05-23T17:57:03.167844,71,OK
2026-05-23T17:57:08.173982,71,OK
2026-05-23T17:57:13.184373,71,OK
2026-05-23T17:57:18.184743,71,OK
2026-05-23T17:57:23.174605,71,OK
2026-05-23T17:57:28.187972,71,OK
2026-05-23T17:57:33.180226,71,OK
2026-05-23T17:57:38.180466,71,OK
2026-05-23T17:57:43.187364,71,OK
2026-05-23T17:57:48.171449,71,OK
2026-05-23T17:57:53.168253,71,OK
2026-05-23T17:57:58.191211,71,OK
2026-05-23T17:58:03.191277,71,OK
2026-05-23T17:58:08.185335,71,OK
2026-05-23T17:58:13.177286,71,OK
2026-05-23T17:58:18.186387,70,OK
2026-05-23T17:58:23.170350,71,OK
2026-05-23T17:58:28.178303,71,OK
2026-05-23T17:58:33.178934,71,OK
2026-05-23T17:58:38.171741,70,OK
2026-05-23T17:58:43.166814,70,OK
2026-05-23T17:58:48.171752,71,OK
2026-05-23T17:58:53.175653,71,OK
2026-05-23T17:58:58.170801,69,OK
2026-05-23T17:59:03.189331,71,OK
2026-05-23T17:59:08.184154,71,OK
2026-05-23T17:59:13.177157,71,OK
2026-05-23T17:59:18.174502,70,OK
2026-05-23T17:59:23.181544,70,OK
2026-05-23T17:59:28.183874,70,OK
2026-05-23T17:59:33.180226,71,OK
2026-05-23T17:59:38.172401,70,OK
2026-05-23T17:59:43.173481,70,OK
2026-05-23T17:59:48.173451,71,OK
2026-05-23T17:59:53.186926,70,OK
2026-05-23T17:59:58.181371,71,OK
2026-05-23T18:00:03.177897,71,OK
2026-05-23T18:00:08.182222,71,OK
2026-05-23T18:00:13.184413,71,OK
2026-05-23T18:00:18.176837,71,OK
2026-05-23T18:00:23.182969,71,OK
2026-05-23T18:00:28.213709,71,OK
2026-05-23T18:00:33.264461,71,OK
2026-05-23T18:00:38.314946,71,OK
2026-05-23T18:00:43.365269,71,OK
2026-05-23T18:00:48.415538,71,OK
2026-05-23T18:00:53.465792,71,OK
2026-05-23T18:00:58.515481,71,OK
2026-05-23T18:01:03.565895,71,OK
2026-05-23T18:01:08.616592,71,OK
2026-05-23T18:01:13.667084,71,OK
2026-05-23T18:01:18.717148,71,OK
2026-05-23T18:01:23.767472,71,OK
2026-05-23T18:01:28.817911,71,OK
2026-05-23T18:01:33.868156,71,OK
2026-05-23T18:01:38.918470,71,OK
2026-05-23T18:01:43.968628,71,OK
2026-05-23T18:01:49.019034,71,OK
2026-05-23T18:01:54.069261,71,OK
2026-05-23T18:01:59.119632,71,OK
2026-05-23T18:02:04.169635,71,OK
2026-05-23T18:02:13.181972,71,OK
2026-05-23T18:02:18.181900,71,OK
2026-05-23T18:02:23.173983,71,OK
2026-05-23T18:02:28.168045,71,OK
2026-05-23T18:02:33.178336,69,OK
2026-05-23T18:02:38.180639,71,OK
2026-05-23T18:02:43.179954,71,OK
2026-05-23T18:02:48.177939,71,OK
2026-05-23T18:02:53.177557,71,OK
2026-05-23T18:02:58.184972,71,OK
2026-05-23T18:03:03.186124,71,OK
2026-05-23T18:03:08.165813,71,OK
2026-05-23T18:03:13.174090,71,OK
2026-05-23T18:03:18.181603,71,OK
2026-05-23T18:03:23.187339,71,OK
2026-05-23T18:03:28.174033,71,OK
2026-05-23T18:03:33.182153,71,OK
2026-05-23T18:03:38.177520,71,OK
2026-05-23T18:03:43.171618,71,OK
2026-05-23T18:03:48.173763,71,OK
2026-05-23T18:03:53.175894,71,OK
2026-05-23T18:03:58.172981,70,OK
2026-05-23T18:04:03.184837,71,OK
2026-05-23T18:04:08.173977,71,OK
2026-05-23T18:04:13.184441,71,OK
2026-05-23T18:04:18.168993,71,OK
2026-05-23T18:04:23.176316,71,OK
2026-05-23T18:04:28.174114,71,OK
2026-05-23T18:04:33.173828,71,OK
2026-05-23T18:04:38.187847,71,OK
2026-05-23T18:04:43.174559,71,OK
2026-05-23T18:04:48.175871,70,OK
2026-05-23T18:04:53.180202,71,OK
2026-05-23T18:04:58.168817,71,OK
2026-05-23T18:05:03.174137,69,OK
2026-05-23T18:05:08.183160,71,OK
2026-05-23T18:05:13.177850,71,OK
2026-05-23T18:05:18.169574,70,OK
2026-05-23T18:05:23.185132,70,OK
2026-05-23T18:05:28.172705,71,OK
2026-05-23T18:05:33.177478,70,OK
2026-05-23T18:05:38.172776,71,OK
2026-05-23T18:05:43.177109,71,OK
2026-05-23T18:05:48.177486,71,OK
2026-05-23T18:05:53.186937,71,OK
2026-05-23T18:05:58.188031,71,OK
2026-05-23T18:06:03.176161,71,OK
2026-05-23T18:06:08.175371,71,OK
2026-05-23T18:06:13.171268,71,OK
2026-05-23T18:06:18.177823,71,OK
2026-05-23T18:06:23.177186,71,OK
2026-05-23T18:06:28.189009,70,OK
2026-05-23T18:06:33.170034,71,OK
2026-05-23T18:06:38.177805,71,OK
2026-05-23T18:06:43.177873,71,OK
2026-05-23T18:06:48.181667,71,OK
2026-05-23T18:06:53.186108,71,OK
2026-05-23T18:06:58.178496,71,OK
2026-05-23T18:07:03.180235,71,OK
2026-05-23T18:07:08.176551,71,OK
2026-05-23T18:07:13.178739,71,OK
2026-05-23T18:07:18.181599,71,OK
2026-05-23T18:07:23.186740,71,OK
2026-05-23T18:07:28.182153,71,OK
2026-05-23T18:07:33.177127,70,OK
2026-05-23T18:07:38.169580,71,OK
2026-05-23T18:07:43.180639,71,OK
2026-05-23T18:07:48.184620,70,OK
2026-05-23T18:07:53.170002,71,OK
2026-05-23T18:07:58.186170,71,OK
2026-05-23T18:08:03.178409,71,OK
2026-05-23T18:08:08.174871,71,OK
2026-05-23T18:08:13.181623,71,OK
2026-05-23T18:08:18.182637,71,OK
2026-05-23T18:08:23.180316,71,OK
2026-05-23T18:08:28.174937,71,OK
2026-05-23T18:08:33.173278,71,OK
2026-05-23T18:08:38.186812,71,OK
2026-05-23T18:08:43.181582,71,OK
2026-05-23T18:08:48.196566,71,OK
2026-05-23T18:08:53.247367,71,OK
2026-05-23T18:08:58.297748,71,OK
2026-05-23T18:09:03.347882,71,OK
2026-05-23T18:09:08.398478,71,OK
2026-05-23T18:09:13.447833,71,OK
2026-05-23T18:09:18.498598,71,OK
2026-05-23T18:09:23.548980,71,OK
2026-05-23T18:09:28.599510,71,OK
2026-05-23T18:09:33.649997,71,OK
2026-05-23T18:09:38.700166,71,OK
2026-05-23T18:09:43.749939,71,OK
2026-05-23T18:09:48.800451,71,OK
2026-05-23T18:09:53.850934,71,OK
2026-05-23T18:09:58.900936,71,OK
2026-05-23T18:10:03.951919,71,OK
2026-05-23T18:10:09.001771,71,OK
2026-05-23T18:10:14.051533,71,OK
2026-05-23T18:10:19.102386,71,OK
2026-05-23T18:10:24.152673,71,OK
2026-05-23T18:10:33.192718,70,OK
2026-05-23T18:10:38.181200,71,OK
2026-05-23T18:10:43.169164,71,OK
2026-05-23T18:10:48.188121,71,OK
2026-05-23T18:10:53.171243,71,OK
2026-05-23T18:10:58.174421,71,OK
2026-05-23T18:11:03.175748,71,OK
2026-05-23T18:11:08.184643,71,OK
2026-05-23T18:11:13.178473,71,OK
2026-05-23T18:11:18.180734,71,OK
2026-05-23T18:11:23.176193,70,OK
2026-05-23T18:11:28.178529,71,OK
2026-05-23T18:11:33.182675,71,OK
2026-05-23T18:11:38.183921,71,OK
2026-05-23T18:11:43.168647,71,OK
2026-05-23T18:11:48.167561,71,OK
2026-05-23T18:11:53.167622,71,OK
2026-05-23T18:11:58.176752,71,OK
2026-05-23T18:12:03.171577,71,OK
2026-05-23T18:12:08.169691,71,OK
2026-05-23T18:12:13.166579,71,OK
2026-05-23T18:12:18.167266,71,OK
2026-05-23T18:12:23.178440,71,OK
2026-05-23T18:12:28.188111,71,OK
2026-05-23T18:12:33.177368,71,OK
2026-05-23T18:12:38.173089,71,OK
2026-05-23T18:12:43.183988,71,OK
2026-05-23T18:12:48.188221,71,OK
2026-05-23T18:12:53.186105,71,OK
2026-05-23T18:12:58.187342,71,OK
2026-05-23T18:13:03.180916,71,OK
2026-05-23T18:13:08.178882,71,OK
2026-05-23T18:13:13.180596,71,OK
2026-05-23T18:13:18.182147,71,OK
2026-05-23T18:13:23.169414,71,OK
2026-05-23T18:13:28.188538,71,OK
2026-05-23T18:13:33.182329,70,OK
2026-05-23T18:13:38.174065,71,OK
2026-05-23T18:13:43.188865,71,OK
2026-05-23T18:13:48.180089,71,OK
2026-05-23T18:13:53.172685,71,OK
2026-05-23T18:13:58.180390,71,OK
2026-05-23T18:14:03.189614,71,OK
2026-05-23T18:14:08.177233,71,OK
2026-05-23T18:14:13.175882,71,OK
2026-05-23T18:16:32.211697,71,OK
2026-05-23T18:16:37.262014,71,OK
2026-05-23T18:17:21.279831,70,OK
2026-05-23T18:17:26.280993,71,OK
2026-05-23T18:17:31.273343,72,OK
2026-05-23T18:17:36.274296,71,OK
2026-05-23T18:17:41.284023,71,OK
2026-05-23T18:17:46.264769,71,OK
2026-05-23T18:17:51.297709,71,OK
2026-05-23T18:17:56.276523,71,OK
2026-05-23T18:18:31.269481,71,OK
2026-05-23T18:18:36.275597,71,OK
2026-05-23T18:18:41.285303,71,OK
2026-05-23T18:18:46.284837,71,OK
2026-05-23T18:18:51.274842,69,OK
2026-05-23T18:18:56.281037,71,OK
2026-05-23T18:19:01.281134,71,OK
2026-05-23T18:19:06.271413,71,OK
2026-05-23T18:19:11.283720,71,OK
2026-05-24T13:17:15.596880,59,OK
2026-05-24T13:17:20.646995,58,OK
2026-05-24T13:17:25.698124,57,OK
2026-05-24T13:17:30.748736,57,OK
2026-05-24T13:17:35.799021,56,OK
2026-05-24T13:17:40.849063,61,OK
2026-05-24T13:17:45.899691,56,OK
2026-05-24T13:17:50.951115,60,OK
2026-05-24T13:17:56.001281,60,OK
2026-05-24T13:18:01.051796,57,OK
2026-05-24T13:18:07.110811,58,OK
2026-05-24T13:18:12.111606,60,OK
2026-05-24T13:18:16.203806,57,OK
2026-05-24T13:18:21.254489,58,OK
2026-05-24T13:18:26.305206,58,OK
2026-05-24T13:18:31.356460,58,OK
2026-05-24T13:18:36.406714,59,OK
2026-05-24T13:18:41.457602,56,OK
2026-05-24T13:18:50.502588,57,OK
2026-05-24T13:18:55.501575,58,OK
2026-05-24T13:19:00.503226,58,OK
2026-05-24T13:19:05.517587,59,OK
2026-05-24T13:19:10.492405,59,OK
2026-05-24T13:19:15.493093,58,OK
2026-05-24T13:19:20.501120,57,OK
2026-05-24T13:19:27.108085,59,OK
2026-05-24T13:19:32.114641,59,OK
2026-05-24T13:19:37.111871,59,OK
2026-05-24T13:19:42.107915,58,OK
2026-05-24T13:19:47.120184,59,OK
2026-05-24T13:19:52.106456,58,OK
2026-05-24T13:19:57.106136,58,OK
2026-05-24T13:20:02.108545,58,OK
2026-05-24T13:20:07.112458,58,OK
2026-05-24T13:20:12.123205,58,OK
2026-05-24T13:20:17.106225,60,OK
2026-05-24T13:21:01.118141,60,OK
2026-05-24T13:21:01.300429,59,OK
2026-05-24T13:22:01.120354,58,OK
2026-05-24T13:22:01.281005,60,OK
2026-05-24T13:23:01.119733,57,OK
2026-05-24T13:23:01.322641,60,OK
2026-05-24T13:24:01.114704,60,OK
2026-05-24T13:24:01.355837,59,OK
2026-05-24T13:25:01.154411,59,OK
2026-05-24T13:25:01.342907,60,OK
2026-05-24T13:26:01.122467,56,OK
2026-05-24T13:26:01.285231,60,OK
2026-05-24T13:27:01.119859,60,OK
2026-05-24T13:27:01.299860,57,OK
2026-05-24T13:28:01.116498,60,OK
2026-05-24T13:28:01.269615,59,OK
2026-05-24T13:29:01.126443,56,OK
2026-05-24T13:29:01.311398,53,OK
2026-05-24T13:30:01.108766,59,OK
2026-05-24T13:30:01.299353,59,OK
2026-05-24T13:31:01.117751,59,OK
2026-05-24T13:31:01.333402,58,OK
2026-05-24T13:32:01.134876,58,OK
2026-05-24T13:32:01.306661,52,OK
2026-05-24T13:33:01.120572,59,OK
2026-05-24T13:33:01.304392,58,OK
2026-05-24T13:33:51.214088,59,OK
2026-05-24T13:33:55.493645,59,OK
2026-05-24T13:34:00.508307,58,OK
2026-05-24T13:34:05.511179,59,OK
2026-05-24T13:34:10.502410,59,OK
2026-05-24T13:34:15.500360,59,OK
2026-05-24T13:34:20.507238,59,OK
2026-05-24T13:34:25.502377,59,OK
2026-05-24T13:34:30.499929,59,OK
2026-05-24T13:34:35.501955,56,OK
2026-05-24T13:34:40.501302,59,OK
2026-05-24T13:34:45.502512,57,OK
2026-05-24T13:34:50.522705,59,OK
2026-05-24T13:34:55.515854,59,OK
2026-05-24T13:35:00.504548,57,OK
2026-05-24T13:35:05.502403,59,OK
2026-05-24T13:35:10.504684,59,OK
2026-05-24T13:35:15.515742,59,OK
2026-05-24T13:35:20.499829,59,OK
2026-05-24T13:35:25.501894,59,OK
2026-05-24T13:35:30.514544,59,OK
2026-05-24T13:35:35.504565,59,OK
2026-05-24T13:35:40.504167,55,OK
2026-05-24T13:35:45.502196,59,OK
2026-05-24T13:35:50.519160,58,OK
2026-05-24T13:35:55.507157,59,OK
2026-05-24T13:36:00.509947,58,OK
2026-05-24T13:36:05.510064,59,OK
2026-05-24T13:36:10.497575,59,OK
2026-05-24T13:36:15.503395,59,OK
2026-05-24T13:36:20.527556,58,OK
2026-05-24T13:36:25.507933,59,OK
2026-05-24T13:36:30.509917,58,OK
2026-05-24T13:36:35.511735,59,OK
2026-05-24T13:36:40.507480,59,OK
2026-05-24T13:36:45.499506,59,OK
2026-05-24T13:36:50.506783,56,OK
2026-05-24T13:36:55.508290,58,OK
2026-05-24T13:37:00.522803,59,OK
2026-05-24T13:37:05.503458,59,OK
2026-05-24T13:37:10.502991,58,OK
2026-05-24T13:37:15.505348,59,OK
2026-05-24T13:37:20.498032,56,OK
2026-05-24T13:37:25.500419,57,OK
2026-05-24T13:37:30.501035,59,OK
2026-05-24T13:37:37.120208,58,OK
2026-05-24T13:37:42.109699,59,OK
2026-05-24T13:37:46.231024,59,OK
2026-05-24T13:37:52.124122,59,OK
2026-05-24T13:37:57.125845,59,OK
2026-05-24T13:38:02.118641,59,OK
2026-05-24T13:38:07.104858,59,OK
2026-05-24T13:38:12.113208,59,OK
2026-05-24T13:38:17.124475,60,OK
2026-05-24T13:38:22.108059,60,OK
2026-05-24T13:38:27.114521,59,OK
2026-05-24T13:38:32.111537,59,OK
2026-05-24T13:38:35.498357,59,OK
2026-05-24T13:38:42.122954,56,OK
2026-05-24T13:38:47.117819,58,OK
2026-05-24T13:38:52.119213,59,OK
2026-05-24T13:38:56.584814,58,OK
2026-05-24T13:39:02.137223,59,OK
2026-05-24T13:39:07.114123,59,OK
2026-05-24T13:39:12.114348,59,OK
2026-05-24T13:39:17.117437,59,OK
2026-05-24T13:39:22.110260,59,OK
2026-05-24T13:39:27.124939,59,OK
2026-05-24T13:39:32.124353,55,OK
2026-05-24T13:39:37.113862,58,OK
2026-05-24T13:39:42.111964,59,OK
2026-05-24T13:39:47.111367,59,OK
2026-05-24T13:39:52.108676,58,OK
2026-05-24T13:40:00.110725,58,OK
2026-05-24T13:40:02.117072,59,OK
2026-05-24T13:41:01.108421,59,OK
2026-05-24T13:41:01.314304,59,OK
2026-05-24T13:42:01.113148,58,OK
2026-05-24T13:42:01.264516,58,OK
2026-05-24T13:43:01.113200,59,OK
2026-05-24T13:43:01.272715,59,OK
2026-05-24T13:44:01.122617,59,OK
2026-05-24T13:44:01.355066,59,OK
2026-05-24T13:45:01.116154,59,OK
2026-05-24T13:45:01.343040,58,OK
2026-05-24T13:46:01.108141,56,OK
2026-05-24T13:46:01.289529,59,OK
2026-05-24T13:47:01.115637,59,OK
2026-05-24T13:47:01.308697,59,OK
2026-05-24T13:47:40.526110,58,OK
2026-05-24T13:47:45.501748,58,OK
2026-05-24T13:47:50.492143,59,OK
2026-05-24T13:47:55.494277,59,OK
